provider,plan_title,price,data,validity,details_link,data_mb,validity_days,total_trip_cost
GigSky,North America,0.0,100MB,7 Days,https://esimdb.com/usa/gigsky,100.0,7.0,0.0
Firsty,Firsty Free,0.0,Unlimited,No expiry,https://esimdb.com/usa/firsty,,,0.0
Airalo,Change - 1 GB,0.0,1GB,1 Day,https://esimdb.com/usa/airalo,1024.0,1.0,0.0
Roamless,United States Free eSIM & Data,0.0,500MB,No expiry,https://esimdb.com/usa/roamless,500.0,,0.0
Airhub,Global Free esim 200MB,0.0,200MB,30 Days,https://esimdb.com/usa/airhub,200.0,30.0,0.0
GigSky,United States,0.0,100MB,7 Days,https://esimdb.com/usa/gigsky,100.0,7.0,0.0
Airhub,USA 1GB 7Days,0.85,1GB,7 Days,https://esimdb.com/usa/airhub,1024.0,7.0,0.85
eSIM4Travel,USA (Verizon) - 1GB/7Days,0.94,1GB,7 Days,https://esimdb.com/usa/esim4travel,1024.0,7.0,0.94
EZsim,USA (Verizon) - 1GB/7Days,0.99,1GB,7 Days,https://esimdb.com/usa/ezsim,1024.0,7.0,0.99
Yesim,United States,0.56,500MB,3 Days,https://esimdb.com/usa/yesim,500.0,3.0,1.12
GLOBAL YO,United States - 7 Days - 1 GB,1.29,1GB,7 Days,https://esimdb.com/usa/yoverse,1024.0,7.0,1.29
EscapeSIM,United States 1GB,1.32,1GB,14 Days,https://esimdb.com/usa/escapesim,1024.0,14.0,1.32
esimzon,USA 1GB 30Days,1.45,1GB,30 Days,https://esimdb.com/usa/esimzon,1024.0,30.0,1.45
Supera link,United States - Regular,1.5,1GB,7 Days,https://esimdb.com/usa/superalink,1024.0,7.0,1.5
EscapeSIM,Europe And USA 1GB,1.64,1GB,14 Days,https://esimdb.com/usa/escapesim,1024.0,14.0,1.64
EZsim,USA (ATT+Verizon) - 1GB/7Days,1.7,1GB,7 Days,https://esimdb.com/usa/ezsim,1024.0,7.0,1.7
TravelGator eSIM,United States eSIM Roaming Data,1.77,1GB,7 Days,https://esimdb.com/usa/travelgatorsim,1024.0,7.0,1.77
BNESIM,Surf 1GB in United States for 30 days,1.85,1GB,30 Days,https://esimdb.com/usa/bnesim,1024.0,30.0,1.85
GLOBAL YO,World Explorer Light - 7 Days - 1 GB (52 countries),1.99,1GB,7 Days,https://esimdb.com/usa/yoverse,1024.0,7.0,1.99
TravelGator eSIM,United States eSIM Roaming Data,1.99,1GB,10 Days,https://esimdb.com/usa/travelgatorsim,1024.0,10.0,1.99
eSimFlare,United States 1GB 7Days Single Use,2.0,1GB,7 Days,https://esimdb.com/usa/esimflare,1024.0,7.0,2.0
Instabridge,1 GB United States eSIM Mobile Data Plan,2.0,1GB,7 Days,https://esimdb.com/usa/instabridge,1024.0,7.0,2.0
RedteaGO,United States,2.0,1GB,15 Days,https://esimdb.com/usa/redtea,1024.0,15.0,2.0
Driffle eSIM,United-states 1GB for 7 Days,2.0,1GB,7 Days,https://esimdb.com/usa/driffle,1024.0,7.0,2.0
Jetpac,North America 1GB,1.0,1GB,4 Days,https://esimdb.com/usa/jetpac,1024.0,4.0,2.0
Jetpac,Global 1GB,1.0,1GB,4 Days,https://esimdb.com/usa/jetpac,1024.0,4.0,2.0
EscapeSIM,United States 2GB,2.08,2GB,15 Days,https://esimdb.com/usa/escapesim,2048.0,15.0,2.08
Billion Connect,Global eSIM [26 Regions] 7 Days 1GB,2.08,1GB,7 Days,https://esimdb.com/usa/billionconnect,1024.0,7.0,2.08
TravelGator eSIM,United States eSIM Roaming Data,2.11,1GB,15 Days,https://esimdb.com/usa/travelgatorsim,1024.0,15.0,2.11
nextSIM,"eSIM United States, 1GB, 7 Days, Standard",2.21,1GB,7 Days,https://esimdb.com/usa/nextsim,1024.0,7.0,2.21
EscapeSIM,Canada And USA 1GB,2.28,1GB,14 Days,https://esimdb.com/usa/escapesim,1024.0,14.0,2.28
eSIM4Travel,"USA (Verizon, AT&T) - 1GB/7Days",2.3,1GB,7 Days,https://esimdb.com/usa/esim4travel,1024.0,7.0,2.3
Billion Connect,Global eSIM [26 Regions] 30 Days 1GB,2.36,1GB,30 Days,https://esimdb.com/usa/billionconnect,1024.0,30.0,2.36
Textr eSIM,United States 1GB,2.39,1GB,7 Days,https://esimdb.com/usa/textr,1024.0,7.0,2.39
Roamless,1 GB United States,2.45,1GB,No expiry,https://esimdb.com/usa/roamless,1024.0,,2.45
airdatalink,United States eSIM,2.49,1GB,7 Days,https://esimdb.com/usa/airdatalink,1024.0,7.0,2.49
EZsim,Canada & Usa - 1GB/7Days,2.5,1GB,7 Days,https://esimdb.com/usa/ezsim,1024.0,7.0,2.5
eSIMX,United States 1GB 7Days,2.5,1GB,7 Days,https://esimdb.com/usa/esimx,1024.0,7.0,2.5
Always Mobile,United States 1GB 7Days,2.5,1GB,7 Days,https://esimdb.com/usa/always-mobile,1024.0,7.0,2.5
Gaza Online,"eSIM, 1GB, 7 Days, United States",2.5,1GB,7 Days,https://esimdb.com/usa/gazaonline,1024.0,7.0,2.5
BNESIM,Surf 1GB in United States,2.6,1GB,No expiry,https://esimdb.com/usa/bnesim,1024.0,,2.6
Manet Travel,Local United States - 7 Days - 1 GB,2.6,1GB,7 Days,https://esimdb.com/usa/manet,1024.0,7.0,2.6
Nesa,United States 1GB 7Days,2.65,1GB,7 Days,https://esimdb.com/usa/nesa,1024.0,7.0,2.65
Nesa,United States 1GB 7Days,2.65,1GB,7 Days,https://esimdb.com/usa/nesa,1024.0,7.0,2.65
EscapeSIM,Europe And USA 2GB,2.66,2GB,15 Days,https://esimdb.com/usa/escapesim,2048.0,15.0,2.66
Yoho Mobile,United States 1GB 7Day,2.7,1GB,7 Days,https://esimdb.com/usa/yoho-mobile,1024.0,7.0,2.7
eSIMCard,1GB eSIM Data For  7 Days in  United States of America,2.71,1GB,7 Days,https://esimdb.com/usa/esimcard,1024.0,7.0,2.71
Billion Connect,Global eSIM [26 Regions] 7 Days 3GB,2.71,3GB,7 Days,https://esimdb.com/usa/billionconnect,3072.0,7.0,2.71
Yoho Mobile,United States 1GB 10Day,2.77,1GB,10 Days,https://esimdb.com/usa/yoho-mobile,1024.0,10.0,2.77
Billion Connect,Global eSIM [26 Regions] 10 Days 3GB,2.78,3GB,10 Days,https://esimdb.com/usa/billionconnect,3072.0,10.0,2.78
TraveleSIM.CH,Sim Card for United States (USA) - 1GB - 7 Days,2.8,1GB,7 Days,https://esimdb.com/usa/travelesim-ch,1024.0,7.0,2.8
Simfinity,United States Eco,2.8,1GB,7 Days,https://esimdb.com/usa/simfinity,1024.0,7.0,2.8
Airhub,United states 3GB Data 30 Days,2.82,3GB,30 Days,https://esimdb.com/usa/airhub,3072.0,30.0,2.82
Yoho Mobile,United States 1GB 15Day,2.88,1GB,15 Days,https://esimdb.com/usa/yoho-mobile,1024.0,15.0,2.88
RedteaGO,USA & Canada,2.9,1GB,30 Days,https://esimdb.com/usa/redtea,1024.0,30.0,2.9
Airhub,United States 3GB 7Days,2.9,3GB,7 Days,https://esimdb.com/usa/airhub,3072.0,7.0,2.9
eSIM4Travel,Canada & USA - 1GB/3Days,1.45,1GB,3 Days,https://esimdb.com/usa/esim4travel,1024.0,3.0,2.9
EscapeSIM,United States 3GB,2.91,3GB,30 Days,https://esimdb.com/usa/escapesim,3072.0,30.0,2.91
TravelGator eSIM,United States eSIM Roaming Data,1.48,1GB,3 Days,https://esimdb.com/usa/travelgatorsim,1024.0,3.0,2.96
eSIM4Travel,Canada & USA - 1GB/7Days,2.96,1GB,7 Days,https://esimdb.com/usa/esim4travel,1024.0,7.0,2.96
eSIM4Travel,USA (Verizon) - 3GB/30Days,2.98,3GB,30 Days,https://esimdb.com/usa/esim4travel,3072.0,30.0,2.98
TravelGator eSIM,United States eSIM Roaming Data,2.99,2GB,10 Days,https://esimdb.com/usa/travelgatorsim,2048.0,10.0,2.99
Monty eSIM,UnitedStates,2.99,1GB,7 Days,https://esimdb.com/usa/monty-esim,1024.0,7.0,2.99
GLOBAL YO,United States - 7 Days - 2 GB,2.99,2GB,7 Days,https://esimdb.com/usa/yoverse,2048.0,7.0,2.99
BetterRoaming,Local United States - 7 Days - 1 GB,2.99,1GB,7 Days,https://esimdb.com/usa/betterroaming,1024.0,7.0,2.99
Giga.Tel,USA Premium 1 GB,2.99,1GB,7 Days,https://esimdb.com/usa/gigatel,1024.0,7.0,2.99
GLOBAL YO,North America Explorer - 7 Days - 1 GB (2 countries),2.99,1GB,7 Days,https://esimdb.com/usa/yoverse,1024.0,7.0,2.99
eSIM.sm,1GB 7 days - United States,3.0,1GB,7 Days,https://esimdb.com/usa/esimsm,1024.0,7.0,3.0
MicroEsim,United States Verizon 5G 7 Days / Total 3GB,3.0,3GB,7 Days,https://esimdb.com/usa/microesim,3072.0,7.0,3.0
Simbye,United States 1GB 7Days,3.0,1GB,7 Days,https://esimdb.com/usa/simbye,1024.0,7.0,3.0
Driffle eSIM,North-america 1GB for 7 Days,3.0,1GB,7 Days,https://esimdb.com/usa/driffle,1024.0,7.0,3.0
EZsim,USA (Verizon) - 3GB/30Days,3.0,3GB,30 Days,https://esimdb.com/usa/ezsim,3072.0,30.0,3.0
TravelKon,USA 5G eSIM,3.17,1GB,7 Days,https://esimdb.com/usa/travelkon,1024.0,7.0,3.17
TravelGator eSIM,United States eSIM Roaming Data,3.18,2GB,7 Days,https://esimdb.com/usa/travelgatorsim,2048.0,7.0,3.18
MicroEsim,US Verizon/AT&T 5G 7 Days / Total 3GB,3.2,3GB,7 Days,https://esimdb.com/usa/microesim,3072.0,7.0,3.2
Yoho Mobile,United States 1GB 30Day,3.21,1GB,30 Days,https://esimdb.com/usa/yoho-mobile,1024.0,30.0,3.21
MicroEsim,United States Verizon 5G 15 Days / Total 3GB,3.3,3GB,15 Days,https://esimdb.com/usa/microesim,3072.0,15.0,3.3
Billion Connect,Global eSIM [26 Regions] 3 Days 1GB,1.67,1GB,3 Days,https://esimdb.com/usa/billionconnect,1024.0,3.0,3.34
ESIMFUN,1GB for 7 days,3.35,1GB,7 Days,https://esimdb.com/usa/esimfun,1024.0,7.0,3.35
EscapeSIM,North America 1GB,3.35,1GB,14 Days,https://esimdb.com/usa/escapesim,1024.0,14.0,3.35
Manet Travel,Regional North America - 7 Days - 1 GB,3.39,1GB,7 Days,https://esimdb.com/usa/manet,1024.0,7.0,3.39
Always Mobile,United States 3GB 15Days,3.4,3GB,15 Days,https://esimdb.com/usa/always-mobile,3072.0,15.0,3.4
Billion Connect,Global eSIM [26 Regions] 7 Days 5GB,3.4,5GB,7 Days,https://esimdb.com/usa/billionconnect,5120.0,7.0,3.4
TravelGator eSIM,United States eSIM Roaming Data,1.71,1GB,5 Days,https://esimdb.com/usa/travelgatorsim,1024.0,5.0,3.42
Roamify,Europe & United States eSIM 3 GB - 7 Days,3.47,3GB,7 Days,https://esimdb.com/usa/roamify,3072.0,7.0,3.47
Roamify,United States eSIM 3 GB - 10 Days,3.47,3GB,10 Days,https://esimdb.com/usa/roamify,3072.0,10.0,3.47
Roamify,"United States eSIM 1 GB, 20 Call, 10 SMS - 7 Days",3.47,1GB,7 Days,https://esimdb.com/usa/roamify,1024.0,7.0,3.47
MobiMatter,USA 1 GB,3.49,1GB,7 Days,https://esimdb.com/usa/mobimatter,1024.0,7.0,3.49
MobiMatter,Europe and USA 1 GB,3.49,1GB,14 Days,https://esimdb.com/usa/mobimatter,1024.0,14.0,3.49
Giga.Tel,Europe and USA 1 GB,3.49,1GB,14 Days,https://esimdb.com/usa/gigatel,1024.0,14.0,3.49
RedteaGO,United States,3.5,1GB,7 Days,https://esimdb.com/usa/redtea,1024.0,7.0,3.5
Simfinity,United States Pro,3.5,1GB,7 Days,https://esimdb.com/usa/simfinity,1024.0,7.0,3.5
Always Mobile,United States 3GB 30Days,3.5,3GB,30 Days,https://esimdb.com/usa/always-mobile,3072.0,30.0,3.5
esimzon,USA 3GB 30Days,3.5,3GB,30 Days,https://esimdb.com/usa/esimzon,3072.0,30.0,3.5
MicroEsim,US Verizon/AT&T 5G 15 Days / Total 3GB,3.5,3GB,15 Days,https://esimdb.com/usa/microesim,3072.0,15.0,3.5
esimzon,North America 1GB 30Days,3.5,1GB,30 Days,https://esimdb.com/usa/esimzon,1024.0,30.0,3.5
MobileSIM,United States 1 GB for 7 days,3.5,1GB,7 Days,https://esimdb.com/usa/mobilesim,1024.0,7.0,3.5
TraveleSIM.CH,Sim Card for United States (USA) - 3GB - 15 Days,3.52,3GB,15 Days,https://esimdb.com/usa/travelesim-ch,3072.0,15.0,3.52
GLOBAL YO,World Explorer Light - 1 Days - 200 MB (52 countries),0.59,200MB,1 Day,https://esimdb.com/usa/yoverse,200.0,1.0,3.54
GLOBAL YO,North America Explorer + - 1 Days - 200 MB (3 countries),0.59,200MB,1 Day,https://esimdb.com/usa/yoverse,200.0,1.0,3.54
MicroEsim,United States Verizon 5G 5 Days / Total 1GB,1.79,1GB,5 Days,https://esimdb.com/usa/microesim,1024.0,5.0,3.58
MicroEsim,United States Verizon 5G 3 Days / Daily 500MB,1.8,500MB/day,3 Days,https://esimdb.com/usa/microesim,500.0,3.0,3.6
Billion Connect,Global eSIM [26 Regions] 10 Days 5GB,3.61,5GB,10 Days,https://esimdb.com/usa/billionconnect,5120.0,10.0,3.61
TraveleSIM.CH,Sim Card for United States (USA) - 3GB - 30 Days,3.64,3GB,30 Days,https://esimdb.com/usa/travelesim-ch,3072.0,30.0,3.64
eSIMCard,1GB eSIM Data For  7 Days in  North America,3.7,1GB,7 Days,https://esimdb.com/usa/esimcard,1024.0,7.0,3.7
MicroEsim,United States Verizon 5G 30 Days / Total 3GB,3.7,3GB,30 Days,https://esimdb.com/usa/microesim,3072.0,30.0,3.7
EscapeSIM,Europe And USA 3GB,3.73,3GB,30 Days,https://esimdb.com/usa/escapesim,3072.0,30.0,3.73
nextSIM,"eSIM United States, 2GB, 15 Days, Standard",3.74,2GB,15 Days,https://esimdb.com/usa/nextsim,2048.0,15.0,3.74
TravelGator eSIM,United States eSIM Roaming Data,3.79,2GB,15 Days,https://esimdb.com/usa/travelgatorsim,2048.0,15.0,3.79
MicroEsim,US Verizon/AT&T 5G 5 Days / Total 1GB,1.9,1GB,5 Days,https://esimdb.com/usa/microesim,1024.0,5.0,3.8
MicroEsim,US Verizon/AT&T 5G 3 Days / Daily 500MB,1.9,500MB/day,3 Days,https://esimdb.com/usa/microesim,500.0,3.0,3.8
Esimatic,United States,3.89,2GB,15 Days,https://esimdb.com/usa/esimatic,2048.0,15.0,3.89
Esimatic,United States,3.89,1GB,7 Days,https://esimdb.com/usa/esimatic,1024.0,7.0,3.89
eSIMo,United States of America 1GB,3.9,1GB,7 Days,https://esimdb.com/usa/esimo,1024.0,7.0,3.9
Supera link,United States - Regular,3.93,2GB,15 Days,https://esimdb.com/usa/superalink,2048.0,15.0,3.93
Roamify,United States eSIM 3 GB - 15 Days,3.97,3GB,15 Days,https://esimdb.com/usa/roamify,3072.0,15.0,3.97
Kolet,United States of America,3.99,1GB,30 Days,https://esimdb.com/usa/kolet,1024.0,30.0,3.99
EscapeSIM,Canada And USA 2GB,3.99,2GB,15 Days,https://esimdb.com/usa/escapesim,2048.0,15.0,3.99
GLOBAL YO,United States - 15 Days - 3 GB,3.99,3GB,15 Days,https://esimdb.com/usa/yoverse,3072.0,15.0,3.99
MoreMins eSIM,eSIM internet in USA,3.99,1GB,7 Days,https://esimdb.com/usa/moremins,1024.0,7.0,3.99
MobiMatter,USA Premium 1 GB,3.99,1GB,7 Days,https://esimdb.com/usa/mobimatter,1024.0,7.0,3.99
MobiMatter,North America 1 GB,3.99,1GB,7 Days,https://esimdb.com/usa/mobimatter,1024.0,7.0,3.99
Monty eSIM,North America,3.99,1GB,7 Days,https://esimdb.com/usa/monty-esim,1024.0,7.0,3.99
Saily,United States 1GB 7 days,3.99,1GB,7 Days,https://esimdb.com/usa/saily,1024.0,7.0,3.99
Truely,"United States - 1GB, 30 days",3.99,1GB,30 Days,https://esimdb.com/usa/truely,1024.0,30.0,3.99
Giga.Tel,North America 1 GB,3.99,1GB,7 Days,https://esimdb.com/usa/gigatel,1024.0,7.0,3.99
eSIM Fox,eSIM United States - 1GB 7 Days,3.99,1GB,7 Days,https://esimdb.com/usa/esim-fox,1024.0,7.0,3.99
eSimFlare,North America 1GB 7Days Single Use,4.0,1GB,7 Days,https://esimdb.com/usa/esimflare,1024.0,7.0,4.0
iRoamly,United States-1GB-7 Days-Total,4.0,1GB,7 Days,https://esimdb.com/usa/iroamly,1024.0,7.0,4.0
KnowRoaming,USA 1 GB 7 Days,4.0,1GB,7 Days,https://esimdb.com/usa/knowroaming,1024.0,7.0,4.0
GlobaleSIM,United States,4.0,1GB,7 Days,https://esimdb.com/usa/globalesim,1024.0,7.0,4.0
Eskimo eSIM,United States 1GB,4.0,1GB,730 Days,https://esimdb.com/usa/eskimo,1024.0,730.0,4.0
LinkeSIM,United States USA 1 GB for 3 days,2.0,1GB,3 Days,https://esimdb.com/usa/linkesim,1024.0,3.0,4.0
Ubigi,USA,4.0,1GB,7 Days,https://esimdb.com/usa/ubigi,1024.0,7.0,4.0
Driffle eSIM,United-states 2GB for 15 Days,4.0,2GB,15 Days,https://esimdb.com/usa/driffle,2048.0,15.0,4.0
MicroEsim,US Verizon/AT&T 5G 30 Days / Total 3GB,4.0,3GB,30 Days,https://esimdb.com/usa/microesim,3072.0,30.0,4.0
Breeze,United States of America,4.0,1GB,7 Days,https://esimdb.com/usa/breeze,1024.0,7.0,4.0
Billion Connect,USA eSIM 7 Days 5GB,4.06,5GB,7 Days,https://esimdb.com/usa/billionconnect,5120.0,7.0,4.06
Supera link,United States - Regular,4.07,1GB,30 Days,https://esimdb.com/usa/superalink,1024.0,30.0,4.07
Manet Travel,Local United States - 15 Days - 2 GB,4.07,2GB,15 Days,https://esimdb.com/usa/manet,2048.0,15.0,4.07
BNESIM,Surf 3GB in United States for 30 days,4.08,3GB,30 Days,https://esimdb.com/usa/bnesim,3072.0,30.0,4.08
GLOBAL YO,The Americas Explorer - 1 Days - 200 MB (21 countries),0.69,200MB,1 Day,https://esimdb.com/usa/yoverse,200.0,1.0,4.14
GLOBAL YO,World Explorer 101 - 1 Days - 200 MB (100 countries),0.69,200MB,1 Day,https://esimdb.com/usa/yoverse,200.0,1.0,4.14
Nesa,North America (3) 1GB 7Days,4.15,1GB,7 Days,https://esimdb.com/usa/nesa,1024.0,7.0,4.15
Nesa,United States 3GB 15Days,4.15,3GB,15 Days,https://esimdb.com/usa/nesa,3072.0,15.0,4.15
Nesa,United States 3GB 30Days,4.15,3GB,30 Days,https://esimdb.com/usa/nesa,3072.0,30.0,4.15
Nesa,United States 3GB 30Days,4.15,3GB,30 Days,https://esimdb.com/usa/nesa,3072.0,30.0,4.15
RedteaGO,United States,0.7,300MB,1 Day,https://esimdb.com/usa/redtea,300.0,1.0,4.199999999999999
Airhub,United States 5GB Data 30 days,4.2,5GB,30 Days,https://esimdb.com/usa/airhub,5120.0,30.0,4.2
eSimFlare,United States 3GB 30Days Single Use,4.2,3GB,30 Days,https://esimdb.com/usa/esimflare,3072.0,30.0,4.2
Manet Travel,Global North America - 7 Days - 1 GB,4.29,1GB,7 Days,https://esimdb.com/usa/manet,1024.0,7.0,4.29
MicroEsim,Global 108 Regions 7 Days / Total 1GB,4.3,1GB,7 Days,https://esimdb.com/usa/microesim,1024.0,7.0,4.3
eSIMCard,2GB eSIM Data For  15 Days in  United States of America,4.38,2GB,15 Days,https://esimdb.com/usa/esimcard,2048.0,15.0,4.38
eSIM4Travel,USA (Verizon) - 5GB/30Days,4.4,5GB,30 Days,https://esimdb.com/usa/esim4travel,5120.0,30.0,4.4
MicroEsim,United States Verizon 5G 7 Days / Total 5GB,4.4,5GB,7 Days,https://esimdb.com/usa/microesim,5120.0,7.0,4.4
EscapeSIM,United States 5GB,4.43,5GB,30 Days,https://esimdb.com/usa/escapesim,5120.0,30.0,4.43
Billion Connect,Global eSIM [26 Regions] 7 Days 1GB/Day,4.44,1GB/day,7 Days,https://esimdb.com/usa/billionconnect,1024.0,7.0,4.44
eSIMplus,United States | eSIM QR Code | 7 / T-Mobile / 3GB,4.45,3GB,7 Days,https://esimdb.com/usa/esimplus,3072.0,7.0,4.45
eSIMplus,United States | eSIM QR Code | 5 / T-Mobile / 1GB,2.23,1GB,5 Days,https://esimdb.com/usa/esimplus,1024.0,5.0,4.46
Roamify,North America eSIM 1 GB - 7 Days,4.47,1GB,7 Days,https://esimdb.com/usa/roamify,1024.0,7.0,4.47
Roamify,United States eSIM 3 GB - 30 Days,4.47,3GB,30 Days,https://esimdb.com/usa/roamify,3072.0,30.0,4.47
Roamify,Europe & United States eSIM 3 GB - 10 Days,4.47,3GB,10 Days,https://esimdb.com/usa/roamify,3072.0,10.0,4.47
MobiMatter,USA 2 GB,4.49,2GB,15 Days,https://esimdb.com/usa/mobimatter,2048.0,15.0,4.49
Giga.Tel,USA Premium 2 GB,4.49,2GB,15 Days,https://esimdb.com/usa/gigatel,2048.0,15.0,4.49
MobiMatter,Europe Asia and USA 1 GB,4.49,1GB,14 Days,https://esimdb.com/usa/mobimatter,1024.0,14.0,4.49
GigSky,United States,4.49,1GB,7 Days,https://esimdb.com/usa/gigsky,1024.0,7.0,4.49
iRoamly,United States-1GB-10 Days-Total,4.5,1GB,10 Days,https://esimdb.com/usa/iroamly,1024.0,10.0,4.5
Always Mobile,United States 5GB 30Days,4.5,5GB,30 Days,https://esimdb.com/usa/always-mobile,5120.0,30.0,4.5
Monty eSIM,North America,4.5,1GB,7 Days,https://esimdb.com/usa/monty-esim,1024.0,7.0,4.5
SimOptions,Go USA,4.5,1GB,30 Days,https://esimdb.com/usa/simoptions,1024.0,30.0,4.5
eSIMX,North America 1GB 7Days,4.5,1GB,7 Days,https://esimdb.com/usa/esimx,1024.0,7.0,4.5
Instabridge,3 GB United States eSIM Mobile Data Plan,4.5,3GB,15 Days,https://esimdb.com/usa/instabridge,3072.0,15.0,4.5
eSIM.sm,3GB 10 days - United States,4.5,3GB,10 Days,https://esimdb.com/usa/esimsm,3072.0,10.0,4.5
Airalo,Change - 1 GB,4.5,1GB,7 Days,https://esimdb.com/usa/airalo,1024.0,7.0,4.5
ETravelSim,iphone eSIM for USA Travel 2 GB - 30 Days,4.5,2GB,30 Days,https://esimdb.com/usa/etravelsim,2048.0,30.0,4.5
eSIMo,North America 1GB,4.5,1GB,7 Days,https://esimdb.com/usa/esimo,1024.0,7.0,4.5
Billion Connect,USA eSIM 10 Days 5GB,4.51,5GB,10 Days,https://esimdb.com/usa/billionconnect,5120.0,10.0,4.51
GoMoWorld,United States,4.51,2.5GB,7 Days,https://esimdb.com/usa/gomoworld,2560.0,7.0,4.51
easySim,United States of America 1GB 7day bundle,4.52,1GB,7 Days,https://esimdb.com/usa/easysim,1024.0,7.0,4.52
nextSIM,eSIM United States (no Alaska) 1GB 7Days Premium,4.52,1GB,7 Days,https://esimdb.com/usa/nextsim,1024.0,7.0,4.52
airdatalink,United States eSIM,4.53,3GB,30 Days,https://esimdb.com/usa/airdatalink,3072.0,30.0,4.53
Yoho Mobile,Europe A 3GB 7Day,4.56,3GB,7 Days,https://esimdb.com/usa/yoho-mobile,3072.0,7.0,4.56
eSIM.sm,3GB 15 days - United States,4.6,3GB,15 Days,https://esimdb.com/usa/esimsm,3072.0,15.0,4.6
BNESIM,Surf 1GB in North America for 30 days,4.63,1GB,30 Days,https://esimdb.com/usa/bnesim,1024.0,30.0,4.63
Supera link,United States/Canada - Regular,4.64,1GB,7 Days,https://esimdb.com/usa/superalink,1024.0,7.0,4.64
Supera link,United States - Regular,4.64,2GB,30 Days,https://esimdb.com/usa/superalink,2048.0,30.0,4.64
Nesa,North America (3) 1GB 30Days,4.65,1GB,30 Days,https://esimdb.com/usa/nesa,1024.0,30.0,4.65
EZsim,USA (ATT+Verizon) - 3GB/30Days,4.65,3GB,30 Days,https://esimdb.com/usa/ezsim,3072.0,30.0,4.65
Nesa,North America (3) 1GB 7Days,4.65,1GB,7 Days,https://esimdb.com/usa/nesa,1024.0,7.0,4.65
eSIMplus,United States | eSIM QR Code | 15 / T-Mobile / 3GB,4.65,3GB,15 Days,https://esimdb.com/usa/esimplus,3072.0,15.0,4.65
EZsim,USA (Verizon) - 5GB/30Days,4.7,5GB,30 Days,https://esimdb.com/usa/ezsim,5120.0,30.0,4.7
Billion Connect,USA eSIM 3 Days 500MB/Day,2.36,500MB/day,3 Days,https://esimdb.com/usa/billionconnect,500.0,3.0,4.72
TravelGator eSIM,United States eSIM Roaming Data,4.76,3GB,7 Days,https://esimdb.com/usa/travelgatorsim,3072.0,7.0,4.76
Simfinity,eSIM: USA+Canada (eco),4.77,1GB,7 Days,https://esimdb.com/usa/simfinity,1024.0,7.0,4.77
Yoho Mobile,Europe A 3GB 10Day,4.79,3GB,10 Days,https://esimdb.com/usa/yoho-mobile,3072.0,10.0,4.79
Yoho Mobile,United States 3GB 7Day,4.79,3GB,7 Days,https://esimdb.com/usa/yoho-mobile,3072.0,7.0,4.79
MicroEsim,US Verizon/AT&T 5G 7 Days / Total 5GB,4.8,5GB,7 Days,https://esimdb.com/usa/microesim,5120.0,7.0,4.8
MicroEsim,US & Canada 5 Days / Total 1GB,2.4,1GB,5 Days,https://esimdb.com/usa/microesim,1024.0,5.0,4.8
trifa,United States of America,4.8,1GB,7 Days,https://esimdb.com/usa/trifa,1024.0,7.0,4.8
MicroEsim,United States Verizon 5G 15 Days / Total 5GB,4.8,5GB,15 Days,https://esimdb.com/usa/microesim,5120.0,15.0,4.8
Esimatic,United States,4.89,3GB,30 Days,https://esimdb.com/usa/esimatic,3072.0,30.0,4.89
Esimatic,North America,4.89,1GB,7 Days,https://esimdb.com/usa/esimatic,1024.0,7.0,4.89
Yoho Mobile,United States 3GB 10Day,4.9,3GB,10 Days,https://esimdb.com/usa/yoho-mobile,3072.0,10.0,4.9
Roamless,2 GB United States,4.9,2GB,No expiry,https://esimdb.com/usa/roamless,2048.0,,4.9
RedteaGO,North America (3 countries),4.9,1GB,30 Days,https://esimdb.com/usa/redtea,1024.0,30.0,4.9
nextSIM,"eSIM United States, 3GB, 30 Days, Standard",4.98,3GB,30 Days,https://esimdb.com/usa/nextsim,3072.0,30.0,4.98
Truely,"United States - 1GB, Unlimited Validity",4.98,1GB,No expiry,https://esimdb.com/usa/truely,1024.0,,4.98
MobiMatter,Europe and USA 3 GB,4.99,3GB,30 Days,https://esimdb.com/usa/mobimatter,3072.0,30.0,4.99
GLOBAL YO,World Explorer Light - 15 Days - 3 GB (52 countries),4.99,3GB,15 Days,https://esimdb.com/usa/yoverse,3072.0,15.0,4.99
MobiMatter,USA Premium 2 GB,4.99,2GB,15 Days,https://esimdb.com/usa/mobimatter,2048.0,15.0,4.99
WiFi Map,Global eSIM,4.99,1GB,30 Days,https://esimdb.com/usa/wifimap,1024.0,30.0,4.99
GLOBAL YO,North America Explorer + - 7 Days - 1 GB (3 countries),4.99,1GB,7 Days,https://esimdb.com/usa/yoverse,1024.0,7.0,4.99
GLOBAL YO,World Explorer 101 - 7 Days - 1 GB (100 countries),4.99,1GB,7 Days,https://esimdb.com/usa/yoverse,1024.0,7.0,4.99
MobiMatter,Canada and USA 1 GB,4.99,1GB,14 Days,https://esimdb.com/usa/mobimatter,1024.0,14.0,4.99
MicroEsim,United States Verizon 5G 1 Day / Total 200MB,0.85,200MB/day,1 Day,https://esimdb.com/usa/microesim,200.0,1.0,5.1
Billion Connect,Global eSIM [26 Regions] 3 Days 1GB/Day,2.57,1GB/day,3 Days,https://esimdb.com/usa/billionconnect,1024.0,3.0,5.14
MicroEsim,United States Verizon 5G 5 Days / Daily 500MB,2.6,500MB/day,5 Days,https://esimdb.com/usa/microesim,500.0,5.0,5.2
MicroEsim,United States Verizon 5G 3 Days / Daily 1GB,2.6,1GB/day,3 Days,https://esimdb.com/usa/microesim,1024.0,3.0,5.2
Yoho Mobile,United States 1GB 3Day,2.61,1GB,3 Days,https://esimdb.com/usa/yoho-mobile,1024.0,3.0,5.22
eSIMplus,United States | eSIM QR Code | 5 / T-Mobile / Verizon / ATT / 1GB,2.63,1GB,5 Days,https://esimdb.com/usa/esimplus,1024.0,5.0,5.26
TravelGator eSIM,United States eSIM Roaming Data,2.66,2GB,3 Days,https://esimdb.com/usa/travelgatorsim,2048.0,3.0,5.32
Yoho Mobile,United States 1GB 5Day,2.66,1GB,5 Days,https://esimdb.com/usa/yoho-mobile,1024.0,5.0,5.32
MicroEsim,US & Canada 1 Day / Total 200MB,0.89,200MB/day,1 Day,https://esimdb.com/usa/microesim,200.0,1.0,5.34
Yoho Mobile,United States 500MB/Daily 3Day,2.67,500MB/day,3 Days,https://esimdb.com/usa/yoho-mobile,500.0,3.0,5.34
MicroEsim,North America (US & Canada & Mexico) 5G 1 Day / Total 200MB,0.9,200MB/day,1 Day,https://esimdb.com/usa/microesim,200.0,1.0,5.4
Billion Connect,USA & Canada eSIM  3 Days 500MB/Day,2.75,500MB/day,3 Days,https://esimdb.com/usa/billionconnect,500.0,3.0,5.5
MicroEsim,US Verizon/AT&T 5G 5 Days / Daily 500MB,2.8,500MB/day,5 Days,https://esimdb.com/usa/microesim,500.0,5.0,5.6
MicroEsim,US Verizon/AT&T 5G 3 Days / Daily 1GB,2.8,1GB/day,3 Days,https://esimdb.com/usa/microesim,1024.0,3.0,5.6
Yoho Mobile,Europe A 500MB/Daily 3Day,2.9,500MB/day,3 Days,https://esimdb.com/usa/yoho-mobile,500.0,3.0,5.8
GLOBAL YO,North America Explorer - 1 Days - 1 GB (2 countries),0.99,1GB,1 Day,https://esimdb.com/usa/yoverse,1024.0,1.0,5.9399999999999995
GLOBAL YO,United States - 1 Days - 500 MB,0.99,500MB,1 Day,https://esimdb.com/usa/yoverse,500.0,1.0,5.9399999999999995
GLOBAL YO,Backpacker - 1 Days - 500 MB (21 countries),0.99,500MB,1 Day,https://esimdb.com/usa/yoverse,500.0,1.0,5.9399999999999995
GLOBAL YO,World Explorer Light - 1 Days - 500 MB (52 countries),0.99,500MB,1 Day,https://esimdb.com/usa/yoverse,500.0,1.0,5.9399999999999995
eSIMple,United States - 1GB,3.0,1GB,3 Days,https://esimdb.com/usa/esimple,1024.0,3.0,6.0
iRoamly,United States-500MB-3 Days-Daily,3.0,500MB/day,3 Days,https://esimdb.com/usa/iroamly,500.0,3.0,6.0
iRoamly,United States-1GB-3 Days-Total,3.0,1GB,3 Days,https://esimdb.com/usa/iroamly,1024.0,3.0,6.0
Billion Connect,USA eSIM 3 Days 1GB/Day,3.06,1GB/day,3 Days,https://esimdb.com/usa/billionconnect,1024.0,3.0,6.12
TravelGator eSIM,United States eSIM Roaming Data,3.07,2GB,5 Days,https://esimdb.com/usa/travelgatorsim,2048.0,5.0,6.14
MicroEsim,Global 24 Destinations 3 Days / Daily 500MB,3.1,500MB/day,3 Days,https://esimdb.com/usa/microesim,500.0,3.0,6.2
Yoho Mobile,Europe B 500MB/Daily 3Day,3.14,500MB/day,3 Days,https://esimdb.com/usa/yoho-mobile,500.0,3.0,6.28
Yoho Mobile,United States 1GB/Daily 3Day,3.37,1GB/day,3 Days,https://esimdb.com/usa/yoho-mobile,1024.0,3.0,6.74
Billion Connect,USA eSIM 5 Days 500MB/Day,3.47,500MB/day,5 Days,https://esimdb.com/usa/billionconnect,500.0,5.0,6.94
Billion Connect,Global eSIM [26 Regions] 5 Days 1GB/Day,3.47,1GB/day,5 Days,https://esimdb.com/usa/billionconnect,1024.0,5.0,6.94
iRoamly,United States-1GB-5 Days-Total,3.5,1GB,5 Days,https://esimdb.com/usa/iroamly,1024.0,5.0,7.0
GIGAGO,United States eSIM,3.5,500MB/day,3 Days,https://esimdb.com/usa/gigago,500.0,3.0,7.0
MicroEsim,United States Verizon 5G 7 Days / Daily 500MB,3.5,500MB/day,7 Days,https://esimdb.com/usa/microesim,500.0,7.0,7.0
Billion Connect,USA & Canada eSIM  3 Days 1GB/Day,3.5,1GB/day,3 Days,https://esimdb.com/usa/billionconnect,1024.0,3.0,7.0
Billion Connect,USA eSIM 1 Day 500MB/Day,1.18,500MB,1 Day,https://esimdb.com/usa/billionconnect,500.0,1.0,7.08
Yoho Mobile,Europe A 1GB/Daily 3Day,3.61,1GB/day,3 Days,https://esimdb.com/usa/yoho-mobile,1024.0,3.0,7.22
Billion Connect,Global eSIM [26 Regions] 3 Days 2GB/Day,3.61,2GB/day,3 Days,https://esimdb.com/usa/billionconnect,2048.0,3.0,7.22
MicroEsim,US Verizon/AT&T 5G 7 Days / Daily 500MB,3.7,500MB/day,7 Days,https://esimdb.com/usa/microesim,500.0,7.0,7.4
Yoho Mobile,United States 500MB/Daily 5Day,3.85,500MB/day,5 Days,https://esimdb.com/usa/yoho-mobile,500.0,5.0,7.7
ByteSIM,USA 500MB/day for 3 days,3.9,500MB/day,3 Days,https://esimdb.com/usa/bytesim,500.0,3.0,7.8
MicroEsim,United States Verizon 5G 5 Days / Daily 1GB,3.9,1GB/day,5 Days,https://esimdb.com/usa/microesim,1024.0,5.0,7.8
TravelGator eSIM,United States eSIM Roaming Data,4.0,3GB,3 Days,https://esimdb.com/usa/travelgatorsim,3072.0,3.0,8.0
iRoamly,United States-1GB-3 Days-Daily,4.0,1GB/day,3 Days,https://esimdb.com/usa/iroamly,1024.0,3.0,8.0
MicroEsim,United States Verizon 5G 3 Days / Daily 2GB,4.0,2GB/day,3 Days,https://esimdb.com/usa/microesim,2048.0,3.0,8.0
GIGAGO,United States eSIM,4.0,1GB/day,3 Days,https://esimdb.com/usa/gigago,1024.0,3.0,8.0
iRoamly,USA & Canada-eSIM-1GB-3 Days-Total,4.0,1GB,3 Days,https://esimdb.com/usa/iroamly,1024.0,3.0,8.0
Yoho Mobile,Europe A 3GB 3Day,4.08,3GB,3 Days,https://esimdb.com/usa/yoho-mobile,3072.0,3.0,8.16
Yoho Mobile,Europe B 1GB/Daily 3Day,4.08,1GB/day,3 Days,https://esimdb.com/usa/yoho-mobile,1024.0,3.0,8.16
Billion Connect,USA & Canada eSIM  5 Days 500MB/Day,4.08,500MB/day,5 Days,https://esimdb.com/usa/billionconnect,500.0,5.0,8.16
Yoho Mobile,Asia C 300MB/Daily 3Day,4.08,300MB/day,3 Days,https://esimdb.com/usa/yoho-mobile,300.0,3.0,8.16
TravelGator eSIM,United States eSIM Roaming Data,1.37,1GB,1 Day,https://esimdb.com/usa/travelgatorsim,1024.0,1.0,8.22
Billion Connect,USA eSIM 1 Day 1GB/Day,1.39,1GB,1 Day,https://esimdb.com/usa/billionconnect,1024.0,1.0,8.34
MicroEsim,United States Verizon 5G 1 Day / Daily 1GB,1.4,1GB/day,1 Day,https://esimdb.com/usa/microesim,1024.0,1.0,8.399999999999999
MicroEsim,US Verizon/AT&T 5G 5 Days / Daily 1GB,4.2,1GB/day,5 Days,https://esimdb.com/usa/microesim,1024.0,5.0,8.4
Billion Connect,USA & Canada eSIM  1 Day 500MB/Day,1.42,500MB,1 Day,https://esimdb.com/usa/billionconnect,500.0,1.0,8.52
MicroEsim,US Verizon/AT&T 5G 3 Days / Daily 2GB,4.3,2GB/day,3 Days,https://esimdb.com/usa/microesim,2048.0,3.0,8.6
MicroEsim,North America (US & Canada & Mexico) 5G 5 Days / Total 1GB,4.3,1GB,5 Days,https://esimdb.com/usa/microesim,1024.0,5.0,8.6
Yoho Mobile,Europe A 3GB 5Day,4.32,3GB,5 Days,https://esimdb.com/usa/yoho-mobile,3072.0,5.0,8.64
Yoho Mobile,Europe A 500MB/Daily 5Day,4.32,500MB/day,5 Days,https://esimdb.com/usa/yoho-mobile,500.0,5.0,8.64
Yoho Mobile,Europe A 500MB/Daily 1Day,1.48,500MB,1 Day,https://esimdb.com/usa/yoho-mobile,500.0,1.0,8.879999999999999
Yoho Mobile,United States 500MB/Daily 1Day,1.48,500MB,1 Day,https://esimdb.com/usa/yoho-mobile,500.0,1.0,8.879999999999999
Yoho Mobile,Europe B 500MB/Daily 1Day,1.48,500MB,1 Day,https://esimdb.com/usa/yoho-mobile,500.0,1.0,8.879999999999999
Billion Connect,USA eSIM 5 Days 1GB/Day,4.44,1GB/day,5 Days,https://esimdb.com/usa/billionconnect,1024.0,5.0,8.88
iRoamly,USA & Canada-eSIM-500MB-3 Days-Daily,4.5,500MB/day,3 Days,https://esimdb.com/usa/iroamly,500.0,3.0,9.0
ByteSIM,USA 3GB for 3 days,4.5,3GB,3 Days,https://esimdb.com/usa/bytesim,3072.0,3.0,9.0
iRoamly,United States-500MB-5 Days-Daily,4.5,500MB/day,5 Days,https://esimdb.com/usa/iroamly,500.0,5.0,9.0
MicroEsim,Global 24 Destinations 1 Day / Daily 500MB,1.5,500MB/day,1 Day,https://esimdb.com/usa/microesim,500.0,1.0,9.0
iRoamly,USA & Canada-eSIM-1GB-5 Days-Total,4.5,1GB,5 Days,https://esimdb.com/usa/iroamly,1024.0,5.0,9.0
Billion Connect,USA eSIM 7 Days 500MB/Day,4.51,500MB/day,7 Days,https://esimdb.com/usa/billionconnect,500.0,7.0,9.02
Yoho Mobile,Europe B 500MB/Daily 5Day,4.56,500MB/day,5 Days,https://esimdb.com/usa/yoho-mobile,500.0,5.0,9.12
Yoho Mobile,Global D 500MB/Daily 3Day,4.56,500MB/day,3 Days,https://esimdb.com/usa/yoho-mobile,500.0,3.0,9.12
Billion Connect,Global eSIM [26 Regions] 1 Day 1GB/Day,1.53,1GB,1 Day,https://esimdb.com/usa/billionconnect,1024.0,1.0,9.18
TravelGator eSIM,United States eSIM Roaming Data,4.61,3GB,5 Days,https://esimdb.com/usa/travelgatorsim,3072.0,5.0,9.22
Yoho Mobile,United States 3GB 3Day,4.63,3GB,3 Days,https://esimdb.com/usa/yoho-mobile,3072.0,3.0,9.26
eSIMplus,United States/Canada | eSIM QR Code | 5 / 1GB,4.65,1GB,5 Days,https://esimdb.com/usa/esimplus,1024.0,5.0,9.3
Billion Connect,USA eSIM 3 Days 2GB/Day,4.65,2GB/day,3 Days,https://esimdb.com/usa/billionconnect,2048.0,3.0,9.3
MicroEsim,United States Verizon 5G 10 Days / Daily 500MB,4.7,500MB/day,10 Days,https://esimdb.com/usa/microesim,500.0,10.0,9.4
MicroEsim,Global 24 Destinations 3 Days / Daily 1GB,4.7,1GB/day,3 Days,https://esimdb.com/usa/microesim,1024.0,3.0,9.4
Yoho Mobile,United States 3GB 5Day,4.71,3GB,5 Days,https://esimdb.com/usa/yoho-mobile,3072.0,5.0,9.42
Billion Connect,USA & Canada eSIM  1 Day 1GB/Day,1.58,1GB,1 Day,https://esimdb.com/usa/billionconnect,1024.0,1.0,9.48
Firsty,Firsty Comfort+ (US) - 3 Days,4.74,1.5GB/day,3 Days,https://esimdb.com/usa/firsty,1536.0,3.0,9.48
Yoho Mobile,United States 3GB 3Day,4.75,3GB,3 Days,https://esimdb.com/usa/yoho-mobile,3072.0,3.0,9.5
MicroEsim,Global 24 Destinations 5 Days / Daily 500MB,4.8,500MB/day,5 Days,https://esimdb.com/usa/microesim,500.0,5.0,9.6
GIGAGO,United States eSIM,4.9,500MB/day,5 Days,https://esimdb.com/usa/gigago,500.0,5.0,9.8
ByteSIM,USA 3GB for 5 days,4.9,3GB,5 Days,https://esimdb.com/usa/bytesim,3072.0,5.0,9.8
ByteSIM,USA 500MB/day for 5 days,4.9,500MB/day,5 Days,https://esimdb.com/usa/bytesim,500.0,5.0,9.8
ByteSIM,USA 1GB/day for 3 days,4.9,1GB/day,3 Days,https://esimdb.com/usa/bytesim,1024.0,3.0,9.8
GIGAGO,United States eSIM,4.9,3GB,3 Days,https://esimdb.com/usa/gigago,3072.0,3.0,9.8
GLOBAL YO,Day Plan - United States - 1GB/Day - 3 Day,4.99,1GB/day,3 Days,https://esimdb.com/usa/yoverse,1024.0,3.0,9.98
Yoho Mobile,United States 1GB/Daily 1Day,1.72,1GB,1 Day,https://esimdb.com/usa/yoho-mobile,1024.0,1.0,10.32
Yoho Mobile,Europe A 1GB/Daily 1Day,1.72,1GB,1 Day,https://esimdb.com/usa/yoho-mobile,1024.0,1.0,10.32
Billion Connect,Global eSIM [26 Regions] 1 Day 2GB/Day,1.88,2GB,1 Day,https://esimdb.com/usa/billionconnect,2048.0,1.0,11.28
MicroEsim,US & Canada 1 Day / Daily 1GB,1.9,1GB/day,1 Day,https://esimdb.com/usa/microesim,1024.0,1.0,11.399999999999999
GIGAGO,United States eSIM,1.9,500MB/day,1 Day,https://esimdb.com/usa/gigago,500.0,1.0,11.399999999999999
Firsty,Firsty Comfort+ (US) - 2 Days,3.84,1.5GB/day,2 Days,https://esimdb.com/usa/firsty,1536.0,2.0,11.52
Firsty,Firsty Comfort+ (US) - 1 Day,1.92,1.5GB,1 Day,https://esimdb.com/usa/firsty,1536.0,1.0,11.52
Yoho Mobile,Global D 500MB/Daily 1Day,1.96,500MB,1 Day,https://esimdb.com/usa/yoho-mobile,500.0,1.0,11.76
Yoho Mobile,Europe B 1GB/Daily 1Day,1.96,1GB,1 Day,https://esimdb.com/usa/yoho-mobile,1024.0,1.0,11.76
GLOBAL YO,Backpacker - 1 Days - 1 GB (21 countries),1.99,1GB,1 Day,https://esimdb.com/usa/yoverse,1024.0,1.0,11.94
iRoamly,United States-500MB-1 Day-Daily,2.0,500MB,1 Day,https://esimdb.com/usa/iroamly,500.0,1.0,12.0
eSIMple,United States - 0.5GB,2.0,500MB,1 Day,https://esimdb.com/usa/esimple,500.0,1.0,12.0
Earth Esim,500MB/1 Day United States 5G,2.0,500MB,1 Day,https://esimdb.com/usa/earth-esim,500.0,1.0,12.0
GIGAGO,United States eSIM,2.0,1GB/day,1 Day,https://esimdb.com/usa/gigago,1024.0,1.0,12.0
Billion Connect,USA eSIM 1 Day 2GB/Day,2.08,2GB,1 Day,https://esimdb.com/usa/billionconnect,2048.0,1.0,12.48
eSimFlare,United States 500MB/Day,4.3,500MB/day,2 Days,https://esimdb.com/usa/esimflare,500.0,2.0,12.899999999999999
RedteaGO,USA & Canada,2.29,500MB,1 Day,https://esimdb.com/usa/redtea,500.0,1.0,13.74
MicroEsim,Global 24 Destinations 1 Day / Daily 1GB,2.3,1GB/day,1 Day,https://esimdb.com/usa/microesim,1024.0,1.0,13.799999999999999
Yoho Mobile,Global D 1GB/Daily 1Day,2.43,1GB,1 Day,https://esimdb.com/usa/yoho-mobile,1024.0,1.0,14.580000000000002
Yoho Mobile,Europe A 2GB/Daily 1Day,2.43,2GB,1 Day,https://esimdb.com/usa/yoho-mobile,2048.0,1.0,14.580000000000002
Yoho Mobile,Global E 500MB/Daily 1Day,2.43,500MB,1 Day,https://esimdb.com/usa/yoho-mobile,500.0,1.0,14.580000000000002
Yoho Mobile,United States 2GB/Daily 1Day,2.43,2GB,1 Day,https://esimdb.com/usa/yoho-mobile,2048.0,1.0,14.580000000000002
TravelGator eSIM,United States eSIM Roaming Data,2.46,2GB,1 Day,https://esimdb.com/usa/travelgatorsim,2048.0,1.0,14.76
iRoamly,USA & Canada-eSIM-500MB-1 Day-Daily,2.5,500MB,1 Day,https://esimdb.com/usa/iroamly,500.0,1.0,15.0
Earth Esim,"500MB/1 Day USA, Canada & Mexico",2.5,500MB,1 Day,https://esimdb.com/usa/earth-esim,500.0,1.0,15.0
Yoho Mobile,United States 1GB 1Day,2.57,1GB,1 Day,https://esimdb.com/usa/yoho-mobile,1024.0,1.0,15.419999999999998
Nesa,United States 500MB/Day,2.65,500MB,1 Day,https://esimdb.com/usa/nesa,500.0,1.0,15.899999999999999
Textr eSIM,Global 0.1GB,2.89,100MB,365 Days,https://esimdb.com/usa/textr,100.0,365.0,17.34
Esimatic,United States,2.89,1GB,1 Day,https://esimdb.com/usa/esimatic,1024.0,1.0,17.34
ByteSIM,USA 500MB/day for 1 day,2.9,500MB,1 Day,https://esimdb.com/usa/bytesim,500.0,1.0,17.4
RedteaGO,Global (130+ areas),2.9,1GB,1 Day,https://esimdb.com/usa/redtea,1024.0,1.0,17.4
Yoho Mobile,Europe B 2GB/Daily 1Day,2.9,2GB,1 Day,https://esimdb.com/usa/yoho-mobile,2048.0,1.0,17.4
GIGAGO,United States eSIM,2.9,2GB/day,1 Day,https://esimdb.com/usa/gigago,2048.0,1.0,17.4
Ubigi,USA,2.9,500MB,1 Day,https://esimdb.com/usa/ubigi,500.0,1.0,17.4
Yoho Mobile,United States 3GB/Daily 1Day,2.9,3GB,1 Day,https://esimdb.com/usa/yoho-mobile,3072.0,1.0,17.4
nextSIM,"eSIM United States, Unlimited Standard, 1 Day",2.94,1GB,1 Day,https://esimdb.com/usa/nextsim,1024.0,1.0,17.64
iRoamly,USA & Canada-eSIM-1GB-1 Day-Daily,3.0,1GB,1 Day,https://esimdb.com/usa/iroamly,1024.0,1.0,18.0
Keepgo,Lynx: USA + Canada,3.0,100MB,No expiry,https://esimdb.com/usa/keepgo,100.0,,18.0
Gaza Online,"eSIM, Unlimited, (1GB) 1 Day, United States",3.0,1GB,1 Day,https://esimdb.com/usa/gazaonline,1024.0,1.0,18.0
iRoamly,United States-1GB-1 Day-Daily,3.0,1GB,1 Day,https://esimdb.com/usa/iroamly,1024.0,1.0,18.0
Keepgo,"Andromeda: USA,Canada, Europe, Asia",3.0,100MB,No expiry,https://esimdb.com/usa/keepgo,100.0,,18.0
Keepgo,Cygnus: Canada + USA,3.0,100MB,No expiry,https://esimdb.com/usa/keepgo,100.0,,18.0
Keepgo,Solaris USA,3.0,100MB,No expiry,https://esimdb.com/usa/keepgo,100.0,,18.0
Keepgo,Tucana,3.0,100MB,No expiry,https://esimdb.com/usa/keepgo,100.0,,18.0
Keepgo,Orion: USA + EU,3.0,100MB,No expiry,https://esimdb.com/usa/keepgo,100.0,,18.0
Keepgo,Eridanus World,3.0,100MB,No expiry,https://esimdb.com/usa/keepgo,100.0,,18.0
Driffle eSIM,United-states Unlimited for 1 Day,3.0,1GB,1 Day,https://esimdb.com/usa/driffle,1024.0,1.0,18.0
Billion Connect,USA & Canada eSIM  1 Day 2GB/Day,3.13,2GB,1 Day,https://esimdb.com/usa/billionconnect,2048.0,1.0,18.78
Yoho Mobile,Europe A 3GB/Daily 1Day,3.14,3GB,1 Day,https://esimdb.com/usa/yoho-mobile,3072.0,1.0,18.84
Nesa,United States 1GB/Day,3.15,1GB,1 Day,https://esimdb.com/usa/nesa,1024.0,1.0,18.9
Nesa,North America (3) 500MB/Day,3.15,500MB,1 Day,https://esimdb.com/usa/nesa,500.0,1.0,18.9
eSimFlare,United States 500MB/Day,3.2,500MB,1 Day,https://esimdb.com/usa/esimflare,500.0,1.0,19.200000000000003
Simfinity,United States Pro,3.3,1GB,1 Day,https://esimdb.com/usa/simfinity,1024.0,1.0,19.799999999999997
RedteaGO,Global (130+ areas),3.3,100MB,365 Days,https://esimdb.com/usa/redtea,100.0,365.0,19.799999999999997
Yoho Mobile,Europe B 3GB/Daily 1Day,3.37,3GB,1 Day,https://esimdb.com/usa/yoho-mobile,3072.0,1.0,20.22
Yoho Mobile,Global E 1GB/Daily 1Day,3.37,1GB,1 Day,https://esimdb.com/usa/yoho-mobile,1024.0,1.0,20.22
Airhub,USA Unlimited Data with Calls 1Day,3.4,Unlimited,1 Day,https://esimdb.com/usa/airhub,,1.0,20.4
eSIMCard,Unlimited eSIM Data For  1 Day in  United States of America,3.47,1GB,1 Day,https://esimdb.com/usa/esimcard,1024.0,1.0,20.82
RedteaGO,Global (130+ areas),3.5,300MB,1 Day,https://esimdb.com/usa/redtea,300.0,1.0,21.0
Breeze,United States of America,3.5,1GB,1 Day,https://esimdb.com/usa/breeze,1024.0,1.0,21.0
ByteSIM,USA 1GB/day for 1 day,3.5,1GB,1 Day,https://esimdb.com/usa/bytesim,1024.0,1.0,21.0
USA eSIM,USA Unlimited eSIM With Phone Number 1 Day,3.5,Unlimited,1 Day,https://esimdb.com/usa/usaesim,,1.0,21.0
Roamify,Europe & United States eSIM Unlimited Data - 1 Days,3.5,Unlimited,1 Day,https://esimdb.com/usa/roamify,,1.0,21.0
GIGAGO,United States eSIM,3.5,3GB/day,1 Day,https://esimdb.com/usa/gigago,3072.0,1.0,21.0
iRoamly,United States-2GB-1 Day-Daily,3.5,2GB,1 Day,https://esimdb.com/usa/iroamly,2048.0,1.0,21.0
MicroEsim,Global 24 Destinations 1 Day / Daily 2GB,3.6,2GB/day,1 Day,https://esimdb.com/usa/microesim,2048.0,1.0,21.6
MicroEsim,North America (US & Canada & Mexico) 5G 1 Day / Daily 1GB,3.6,1GB/day,1 Day,https://esimdb.com/usa/microesim,1024.0,1.0,21.6
Yoho Mobile,Europe A Unlimited 1Day,3.61,Unlimited,1 Day,https://esimdb.com/usa/yoho-mobile,,1.0,21.66
Yoho Mobile,Global F 500MB/Daily 1Day,3.61,500MB,1 Day,https://esimdb.com/usa/yoho-mobile,500.0,1.0,21.66
Nesa,United States 1.5GB/Day,3.65,2GB,1 Day,https://esimdb.com/usa/nesa,2048.0,1.0,21.9
TravelGator eSIM,United States eSIM Roaming Data,3.69,3GB,1 Day,https://esimdb.com/usa/travelgatorsim,3072.0,1.0,22.14
Billion Connect,USA eSIM 1 Day  Unlimited /Day,3.75,Unlimited,1 Day,https://esimdb.com/usa/billionconnect,,1.0,22.5
Yoho Mobile,Global D 2GB/Daily 1Day,3.85,2GB,1 Day,https://esimdb.com/usa/yoho-mobile,2048.0,1.0,23.1
ByteSIM,USA 2GB/day for 1 day,3.9,2GB,1 Day,https://esimdb.com/usa/bytesim,2048.0,1.0,23.4
MTX Connect,OPTIMAL DAILY,3.94,350MB,1 Day,https://esimdb.com/usa/mtx-connect,350.0,1.0,23.64
Firsty,Firsty First Class (US) - 1 Day,3.95,5GB,1 Day,https://esimdb.com/usa/firsty,5120.0,1.0,23.700000000000003
Roamify,United States eSIM Unlimited Data - 1 Days,3.97,Unlimited,1 Day,https://esimdb.com/usa/roamify,,1.0,23.82
GIGAGO,United States eSIM,4.0,1GB/day,1 Day,https://esimdb.com/usa/gigago,1024.0,1.0,24.0
iRoamly,USA & Canada-eSIM-2GB-1 Day-Daily,4.0,2GB,1 Day,https://esimdb.com/usa/iroamly,2048.0,1.0,24.0
Gaza Online,"eSIM, Unlimited, (1.5GB) 1 Day, United States",4.0,1GB,1 Day,https://esimdb.com/usa/gazaonline,1024.0,1.0,24.0
Nomad,Day Plan -United States -1GB/Day -1 Day,4.0,1GB,1 Day,https://esimdb.com/usa/nomad,1024.0,1.0,24.0
eSimFlare,United States 1.5GB/Day,4.1,5GB,1 Day,https://esimdb.com/usa/esimflare,5120.0,1.0,24.599999999999998
Nesa,United States 2GB/Day,4.15,2GB,1 Day,https://esimdb.com/usa/nesa,2048.0,1.0,24.900000000000002
Nesa,North America (3) 1GB/Day,4.15,1GB,1 Day,https://esimdb.com/usa/nesa,1024.0,1.0,24.900000000000002
Billion Connect,USA & Canada eSIM  1 Day  Unlimited /Day,4.17,Unlimited,1 Day,https://esimdb.com/usa/billionconnect,,1.0,25.02
Yoho Mobile,United States Unlimited 1Day,4.25,Unlimited,1 Day,https://esimdb.com/usa/yoho-mobile,,1.0,25.5
ESIMFUN,1 day - Unlimited (1GB per day) slows down after usage,4.27,1GB,1 Day,https://esimdb.com/usa/esimfun,1024.0,1.0,25.619999999999997
eSimFlare,North America 500MB/Day,4.4,500MB,1 Day,https://esimdb.com/usa/esimflare,500.0,1.0,26.400000000000002
Supera link,United States - 5GB/day,4.42,5GB,1 Day,https://esimdb.com/usa/superalink,5120.0,1.0,26.52
Supera link,Global 146 Countries - 500MB/day,4.42,500MB,1 Day,https://esimdb.com/usa/superalink,500.0,1.0,26.52
Billion Connect,USA & Canada & Mexico eSIM 1 Day 500MB/Day,4.43,500MB,1 Day,https://esimdb.com/usa/billionconnect,500.0,1.0,26.58
iRoamly,United States-Unlimited Data-1 Day,4.5,500GB,1 Day,https://esimdb.com/usa/iroamly,512000.0,1.0,27.0
ByteSIM,USA 3GB/day for 1 day,4.5,3GB,1 Day,https://esimdb.com/usa/bytesim,3072.0,1.0,27.0
Truphone,PrePaid Data 1GB 1-Day Local,4.52,1GB,1 Day,https://esimdb.com/usa/truphone,1024.0,1.0,27.119999999999997
Yoho Mobile,United States 3GB 1Day,4.55,3GB,1 Day,https://esimdb.com/usa/yoho-mobile,3072.0,1.0,27.299999999999997
Supera link,United States/Canada - 5GB/day,4.63,5GB,1 Day,https://esimdb.com/usa/superalink,5120.0,1.0,27.78
MicroEsim,Global 24 Destinations 1 Day / Daily 3GB,4.7,3GB/day,1 Day,https://esimdb.com/usa/microesim,3072.0,1.0,28.200000000000003
ByteSIM,USA Unlimited Data for 1 day,4.9,1GB,1 Day,https://esimdb.com/usa/bytesim,1024.0,1.0,29.400000000000002
