provider,plan_title,price,data,validity,details_link
GigSky,North America,$0.00,100MB,7 Days,https://esimdb.com/usa/gigsky
GigSky,United States,$0.00,100MB,7 Days,https://esimdb.com/usa/gigsky
Airalo,Change - 1 GB,$0.00,1GB,1 Day,https://esimdb.com/usa/airalo
Firsty,Firsty Free,$0.00,Unlimited,No expiry,https://esimdb.com/usa/firsty
Airhub,Global Free esim 200MB,$0.00,200MB,30 Days,https://esimdb.com/usa/airhub
Roamless,United States Free eSIM & Data,$0.00,500MB,No expiry,https://esimdb.com/usa/roamless
Yesim,United States,$0.56,500MB,3 Days,https://esimdb.com/usa/yesim
GLOBAL YO,North America Explorer + - 1 Days - 200 MB (3 countries),$0.59,200MB,1 Day,https://esimdb.com/usa/yoverse
GLOBAL YO,World Explorer Light - 1 Days - 200 MB (52 countries),$0.59,200MB,1 Day,https://esimdb.com/usa/yoverse
GLOBAL YO,The Americas Explorer - 1 Days - 200 MB (21 countries),$0.69,200MB,1 Day,https://esimdb.com/usa/yoverse
GLOBAL YO,World Explorer 101 - 1 Days - 200 MB (100 countries),$0.69,200MB,1 Day,https://esimdb.com/usa/yoverse
RedteaGO,United States,$0.70,300MB,1 Day,https://esimdb.com/usa/redtea
Airhub,USA 1GB 7Days,$0.85,1GB,7 Days,https://esimdb.com/usa/airhub
MicroEsim,United States Verizon 5G 1 Day / Total 200MB,$0.85,200MB/day,1 Day,https://esimdb.com/usa/microesim
MicroEsim,US & Canada 1 Day / Total 200MB,$0.89,200MB/day,1 Day,https://esimdb.com/usa/microesim
MicroEsim,North America (US & Canada & Mexico) 5G 1 Day / Total 200MB,$0.90,200MB/day,1 Day,https://esimdb.com/usa/microesim
eSIM4Travel,USA (Verizon) - 1GB/7Days,$0.94,1GB,7 Days,https://esimdb.com/usa/esim4travel
EZsim,USA (Verizon) - 1GB/7Days,$0.99,1GB,7 Days,https://esimdb.com/usa/ezsim
GLOBAL YO,North America Explorer - 1 Days - 1 GB (2 countries),$0.99,1GB,1 Day,https://esimdb.com/usa/yoverse
GLOBAL YO,United States - 1 Days - 500 MB,$0.99,500MB,1 Day,https://esimdb.com/usa/yoverse
GLOBAL YO,Backpacker - 1 Days - 500 MB (21 countries),$0.99,500MB,1 Day,https://esimdb.com/usa/yoverse
GLOBAL YO,World Explorer Light - 1 Days - 500 MB (52 countries),$0.99,500MB,1 Day,https://esimdb.com/usa/yoverse
Jetpac,North America 1GB,$1.00,1GB,4 Days,https://esimdb.com/usa/jetpac
Jetpac,Global 1GB,$1.00,1GB,4 Days,https://esimdb.com/usa/jetpac
Billion Connect,USA eSIM 1 Day 500MB/Day,$1.18,500MB,1 Day,https://esimdb.com/usa/billionconnect
GLOBAL YO,United States - 7 Days - 1 GB,$1.29,1GB,7 Days,https://esimdb.com/usa/yoverse
EscapeSIM,United States 1GB,$1.32,1GB,14 Days,https://esimdb.com/usa/escapesim
TravelGator eSIM,United States eSIM Roaming Data,$1.37,1GB,1 Day,https://esimdb.com/usa/travelgatorsim
Billion Connect,USA eSIM 1 Day 1GB/Day,$1.39,1GB,1 Day,https://esimdb.com/usa/billionconnect
MicroEsim,United States Verizon 5G 1 Day / Daily 1GB,$1.40,1GB/day,1 Day,https://esimdb.com/usa/microesim
Billion Connect,USA & Canada eSIM  1 Day 500MB/Day,$1.42,500MB,1 Day,https://esimdb.com/usa/billionconnect
eSIM4Travel,Canada & USA - 1GB/3Days,$1.45,1GB,3 Days,https://esimdb.com/usa/esim4travel
esimzon,USA 1GB 30Days,$1.45,1GB,30 Days,https://esimdb.com/usa/esimzon
TravelGator eSIM,United States eSIM Roaming Data,$1.48,1GB,3 Days,https://esimdb.com/usa/travelgatorsim
Yoho Mobile,Europe B 500MB/Daily 1Day,$1.48,500MB,1 Day,https://esimdb.com/usa/yoho-mobile
Yoho Mobile,United States 500MB/Daily 1Day,$1.48,500MB,1 Day,https://esimdb.com/usa/yoho-mobile
Yoho Mobile,Europe A 500MB/Daily 1Day,$1.48,500MB,1 Day,https://esimdb.com/usa/yoho-mobile
Supera link,United States - Regular,$1.50,1GB,7 Days,https://esimdb.com/usa/superalink
MicroEsim,Global 24 Destinations 1 Day / Daily 500MB,$1.50,500MB/day,1 Day,https://esimdb.com/usa/microesim
Billion Connect,Global eSIM [26 Regions] 1 Day 1GB/Day,$1.53,1GB,1 Day,https://esimdb.com/usa/billionconnect
Billion Connect,USA & Canada eSIM  1 Day 1GB/Day,$1.58,1GB,1 Day,https://esimdb.com/usa/billionconnect
EscapeSIM,Europe And USA 1GB,$1.64,1GB,14 Days,https://esimdb.com/usa/escapesim
Billion Connect,Global eSIM [26 Regions] 3 Days 1GB,$1.67,1GB,3 Days,https://esimdb.com/usa/billionconnect
EZsim,USA (ATT+Verizon) - 1GB/7Days,$1.70,1GB,7 Days,https://esimdb.com/usa/ezsim
TravelGator eSIM,United States eSIM Roaming Data,$1.71,1GB,5 Days,https://esimdb.com/usa/travelgatorsim
Yoho Mobile,United States 1GB/Daily 1Day,$1.72,1GB,1 Day,https://esimdb.com/usa/yoho-mobile
Yoho Mobile,Europe A 1GB/Daily 1Day,$1.72,1GB,1 Day,https://esimdb.com/usa/yoho-mobile
TravelGator eSIM,United States eSIM Roaming Data,$1.77,1GB,7 Days,https://esimdb.com/usa/travelgatorsim
MicroEsim,United States Verizon 5G 5 Days / Total 1GB,$1.79,1GB,5 Days,https://esimdb.com/usa/microesim
MicroEsim,United States Verizon 5G 3 Days / Daily 500MB,$1.80,500MB/day,3 Days,https://esimdb.com/usa/microesim
BNESIM,Surf 1GB in United States for 30 days,$1.85,1GB,30 Days,https://esimdb.com/usa/bnesim
Billion Connect,Global eSIM [26 Regions] 1 Day 2GB/Day,$1.88,2GB,1 Day,https://esimdb.com/usa/billionconnect
MicroEsim,US Verizon/AT&T 5G 3 Days / Daily 500MB,$1.90,500MB/day,3 Days,https://esimdb.com/usa/microesim
MicroEsim,US Verizon/AT&T 5G 5 Days / Total 1GB,$1.90,1GB,5 Days,https://esimdb.com/usa/microesim
MicroEsim,US & Canada 1 Day / Daily 1GB,$1.90,1GB/day,1 Day,https://esimdb.com/usa/microesim
GIGAGO,United States eSIM,$1.90,500MB/day,1 Day,https://esimdb.com/usa/gigago
Firsty,Firsty Comfort+ (US) - 1 Day,$1.92,1.5GB,1 Day,https://esimdb.com/usa/firsty
Yoho Mobile,Europe B 1GB/Daily 1Day,$1.96,1GB,1 Day,https://esimdb.com/usa/yoho-mobile
Yoho Mobile,Global D 500MB/Daily 1Day,$1.96,500MB,1 Day,https://esimdb.com/usa/yoho-mobile
GLOBAL YO,Backpacker - 1 Days - 1 GB (21 countries),$1.99,1GB,1 Day,https://esimdb.com/usa/yoverse
GLOBAL YO,World Explorer Light - 7 Days - 1 GB (52 countries),$1.99,1GB,7 Days,https://esimdb.com/usa/yoverse
TravelGator eSIM,United States eSIM Roaming Data,$1.99,1GB,10 Days,https://esimdb.com/usa/travelgatorsim
Instabridge,1 GB United States eSIM Mobile Data Plan,$2.00,1GB,7 Days,https://esimdb.com/usa/instabridge
eSimFlare,United States 1GB 7Days Single Use,$2.00,1GB,7 Days,https://esimdb.com/usa/esimflare
LinkeSIM,United States USA 1 GB for 3 days,$2.00,1GB,3 Days,https://esimdb.com/usa/linkesim
Driffle eSIM,United-states 1GB for 7 Days,$2.00,1GB,7 Days,https://esimdb.com/usa/driffle
RedteaGO,United States,$2.00,1GB,15 Days,https://esimdb.com/usa/redtea
GIGAGO,United States eSIM,$2.00,1GB/day,1 Day,https://esimdb.com/usa/gigago
eSIMple,United States - 0.5GB,$2.00,500MB,1 Day,https://esimdb.com/usa/esimple
iRoamly,United States-500MB-1 Day-Daily,$2.00,500MB,1 Day,https://esimdb.com/usa/iroamly
Earth Esim,500MB/1 Day United States 5G,$2.00,500MB,1 Day,https://esimdb.com/usa/earth-esim
Billion Connect,USA eSIM 1 Day 2GB/Day,$2.08,2GB,1 Day,https://esimdb.com/usa/billionconnect
Billion Connect,Global eSIM [26 Regions] 7 Days 1GB,$2.08,1GB,7 Days,https://esimdb.com/usa/billionconnect
EscapeSIM,United States 2GB,$2.08,2GB,15 Days,https://esimdb.com/usa/escapesim
TravelGator eSIM,United States eSIM Roaming Data,$2.11,1GB,15 Days,https://esimdb.com/usa/travelgatorsim
nextSIM,"eSIM United States, 1GB, 7 Days, Standard",$2.21,1GB,7 Days,https://esimdb.com/usa/nextsim
eSIMplus,United States | eSIM QR Code | 5 / T-Mobile / 1GB,$2.23,1GB,5 Days,https://esimdb.com/usa/esimplus
EscapeSIM,Canada And USA 1GB,$2.28,1GB,14 Days,https://esimdb.com/usa/escapesim
RedteaGO,USA & Canada,$2.29,500MB,1 Day,https://esimdb.com/usa/redtea
eSIM4Travel,"USA (Verizon, AT&T) - 1GB/7Days",$2.30,1GB,7 Days,https://esimdb.com/usa/esim4travel
MicroEsim,Global 24 Destinations 1 Day / Daily 1GB,$2.30,1GB/day,1 Day,https://esimdb.com/usa/microesim
Billion Connect,USA eSIM 3 Days 500MB/Day,$2.36,500MB/day,3 Days,https://esimdb.com/usa/billionconnect
Billion Connect,Global eSIM [26 Regions] 30 Days 1GB,$2.36,1GB,30 Days,https://esimdb.com/usa/billionconnect
Textr eSIM,United States 1GB,$2.39,1GB,7 Days,https://esimdb.com/usa/textr
MicroEsim,US & Canada 5 Days / Total 1GB,$2.40,1GB,5 Days,https://esimdb.com/usa/microesim
Yoho Mobile,United States 2GB/Daily 1Day,$2.43,2GB,1 Day,https://esimdb.com/usa/yoho-mobile
Yoho Mobile,Europe A 2GB/Daily 1Day,$2.43,2GB,1 Day,https://esimdb.com/usa/yoho-mobile
Yoho Mobile,Global D 1GB/Daily 1Day,$2.43,1GB,1 Day,https://esimdb.com/usa/yoho-mobile
Yoho Mobile,Global E 500MB/Daily 1Day,$2.43,500MB,1 Day,https://esimdb.com/usa/yoho-mobile
Roamless,1 GB United States,$2.45,1GB,No expiry,https://esimdb.com/usa/roamless
TravelGator eSIM,United States eSIM Roaming Data,$2.46,2GB,1 Day,https://esimdb.com/usa/travelgatorsim
airdatalink,United States eSIM,$2.49,1GB,7 Days,https://esimdb.com/usa/airdatalink
EZsim,Canada & Usa - 1GB/7Days,$2.50,1GB,7 Days,https://esimdb.com/usa/ezsim
eSIMX,United States 1GB 7Days,$2.50,1GB,7 Days,https://esimdb.com/usa/esimx
Gaza Online,"eSIM, 1GB, 7 Days, United States",$2.50,1GB,7 Days,https://esimdb.com/usa/gazaonline
Always Mobile,United States 1GB 7Days,$2.50,1GB,7 Days,https://esimdb.com/usa/always-mobile
iRoamly,USA & Canada-eSIM-500MB-1 Day-Daily,$2.50,500MB,1 Day,https://esimdb.com/usa/iroamly
Earth Esim,"500MB/1 Day USA, Canada & Mexico",$2.50,500MB,1 Day,https://esimdb.com/usa/earth-esim
Billion Connect,Global eSIM [26 Regions] 3 Days 1GB/Day,$2.57,1GB/day,3 Days,https://esimdb.com/usa/billionconnect
Yoho Mobile,United States 1GB 1Day,$2.57,1GB,1 Day,https://esimdb.com/usa/yoho-mobile
BNESIM,Surf 1GB in United States,$2.60,1GB,No expiry,https://esimdb.com/usa/bnesim
Manet Travel,Local United States - 7 Days - 1 GB,$2.60,1GB,7 Days,https://esimdb.com/usa/manet
MicroEsim,United States Verizon 5G 3 Days / Daily 1GB,$2.60,1GB/day,3 Days,https://esimdb.com/usa/microesim
MicroEsim,United States Verizon 5G 5 Days / Daily 500MB,$2.60,500MB/day,5 Days,https://esimdb.com/usa/microesim
Yoho Mobile,United States 1GB 3Day,$2.61,1GB,3 Days,https://esimdb.com/usa/yoho-mobile
eSIMplus,United States | eSIM QR Code | 5 / T-Mobile / Verizon / ATT / 1GB,$2.63,1GB,5 Days,https://esimdb.com/usa/esimplus
Nesa,United States 1GB 7Days,$2.65,1GB,7 Days,https://esimdb.com/usa/nesa
Nesa,United States 1GB 7Days,$2.65,1GB,7 Days,https://esimdb.com/usa/nesa
Nesa,United States 500MB/Day,$2.65,500MB,1 Day,https://esimdb.com/usa/nesa
EscapeSIM,Europe And USA 2GB,$2.66,2GB,15 Days,https://esimdb.com/usa/escapesim
Yoho Mobile,United States 1GB 5Day,$2.66,1GB,5 Days,https://esimdb.com/usa/yoho-mobile
TravelGator eSIM,United States eSIM Roaming Data,$2.66,2GB,3 Days,https://esimdb.com/usa/travelgatorsim
Yoho Mobile,United States 500MB/Daily 3Day,$2.67,500MB/day,3 Days,https://esimdb.com/usa/yoho-mobile
Yoho Mobile,United States 1GB 7Day,$2.70,1GB,7 Days,https://esimdb.com/usa/yoho-mobile
Billion Connect,Global eSIM [26 Regions] 7 Days 3GB,$2.71,3GB,7 Days,https://esimdb.com/usa/billionconnect
eSIMCard,1GB eSIM Data For  7 Days in  United States of America,$2.71,1GB,7 Days,https://esimdb.com/usa/esimcard
Billion Connect,USA & Canada eSIM  3 Days 500MB/Day,$2.75,500MB/day,3 Days,https://esimdb.com/usa/billionconnect
Yoho Mobile,United States 1GB 10Day,$2.77,1GB,10 Days,https://esimdb.com/usa/yoho-mobile
Billion Connect,Global eSIM [26 Regions] 10 Days 3GB,$2.78,3GB,10 Days,https://esimdb.com/usa/billionconnect
MicroEsim,US Verizon/AT&T 5G 3 Days / Daily 1GB,$2.80,1GB/day,3 Days,https://esimdb.com/usa/microesim
MicroEsim,US Verizon/AT&T 5G 5 Days / Daily 500MB,$2.80,500MB/day,5 Days,https://esimdb.com/usa/microesim
Simfinity,United States Eco,$2.80,1GB,7 Days,https://esimdb.com/usa/simfinity
TraveleSIM.CH,Sim Card for United States (USA) - 1GB - 7 Days,$2.80,1GB,7 Days,https://esimdb.com/usa/travelesim-ch
Airhub,United states 3GB Data 30 Days,$2.82,3GB,30 Days,https://esimdb.com/usa/airhub
Yoho Mobile,United States 1GB 15Day,$2.88,1GB,15 Days,https://esimdb.com/usa/yoho-mobile
Esimatic,United States,$2.89,1GB,1 Day,https://esimdb.com/usa/esimatic
Textr eSIM,Global 0.1GB,$2.89,100MB,365 Days,https://esimdb.com/usa/textr
Airhub,United States 3GB 7Days,$2.90,3GB,7 Days,https://esimdb.com/usa/airhub
Yoho Mobile,United States 3GB/Daily 1Day,$2.90,3GB,1 Day,https://esimdb.com/usa/yoho-mobile
GIGAGO,United States eSIM,$2.90,2GB/day,1 Day,https://esimdb.com/usa/gigago
Yoho Mobile,Europe B 2GB/Daily 1Day,$2.90,2GB,1 Day,https://esimdb.com/usa/yoho-mobile
Yoho Mobile,Europe A 500MB/Daily 3Day,$2.90,500MB/day,3 Days,https://esimdb.com/usa/yoho-mobile
RedteaGO,USA & Canada,$2.90,1GB,30 Days,https://esimdb.com/usa/redtea
RedteaGO,Global (130+ areas),$2.90,1GB,1 Day,https://esimdb.com/usa/redtea
Ubigi,USA,$2.90,500MB,1 Day,https://esimdb.com/usa/ubigi
ByteSIM,USA 500MB/day for 1 day,$2.90,500MB,1 Day,https://esimdb.com/usa/bytesim
EscapeSIM,United States 3GB,$2.91,3GB,30 Days,https://esimdb.com/usa/escapesim
nextSIM,"eSIM United States, Unlimited Standard, 1 Day",$2.94,1GB,1 Day,https://esimdb.com/usa/nextsim
eSIM4Travel,Canada & USA - 1GB/7Days,$2.96,1GB,7 Days,https://esimdb.com/usa/esim4travel
eSIM4Travel,USA (Verizon) - 3GB/30Days,$2.98,3GB,30 Days,https://esimdb.com/usa/esim4travel
TravelGator eSIM,United States eSIM Roaming Data,$2.99,2GB,10 Days,https://esimdb.com/usa/travelgatorsim
GLOBAL YO,United States - 7 Days - 2 GB,$2.99,2GB,7 Days,https://esimdb.com/usa/yoverse
GLOBAL YO,North America Explorer - 7 Days - 1 GB (2 countries),$2.99,1GB,7 Days,https://esimdb.com/usa/yoverse
BetterRoaming,Local United States - 7 Days - 1 GB,$2.99,1GB,7 Days,https://esimdb.com/usa/betterroaming
Giga.Tel,USA Premium 1 GB,$2.99,1GB,7 Days,https://esimdb.com/usa/gigatel
Monty eSIM,UnitedStates,$2.99,1GB,7 Days,https://esimdb.com/usa/monty-esim
EZsim,USA (Verizon) - 3GB/30Days,$3.00,3GB,30 Days,https://esimdb.com/usa/ezsim
MicroEsim,United States Verizon 5G 7 Days / Total 3GB,$3.00,3GB,7 Days,https://esimdb.com/usa/microesim
iRoamly,United States-500MB-3 Days-Daily,$3.00,500MB/day,3 Days,https://esimdb.com/usa/iroamly
eSIMple,United States - 1GB,$3.00,1GB,3 Days,https://esimdb.com/usa/esimple
iRoamly,United States-1GB-1 Day-Daily,$3.00,1GB,1 Day,https://esimdb.com/usa/iroamly
iRoamly,United States-1GB-3 Days-Total,$3.00,1GB,3 Days,https://esimdb.com/usa/iroamly
iRoamly,USA & Canada-eSIM-1GB-1 Day-Daily,$3.00,1GB,1 Day,https://esimdb.com/usa/iroamly
Simbye,United States 1GB 7Days,$3.00,1GB,7 Days,https://esimdb.com/usa/simbye
Driffle eSIM,North-america 1GB for 7 Days,$3.00,1GB,7 Days,https://esimdb.com/usa/driffle
Driffle eSIM,United-states Unlimited for 1 Day,$3.00,1GB,1 Day,https://esimdb.com/usa/driffle
Gaza Online,"eSIM, Unlimited, (1GB) 1 Day, United States",$3.00,1GB,1 Day,https://esimdb.com/usa/gazaonline
eSIM.sm,1GB 7 days - United States,$3.00,1GB,7 Days,https://esimdb.com/usa/esimsm
Keepgo,Orion: USA + EU,$3.00,100MB,No expiry,https://esimdb.com/usa/keepgo
Keepgo,"Andromeda: USA,Canada, Europe, Asia",$3.00,100MB,No expiry,https://esimdb.com/usa/keepgo
Keepgo,Lynx: USA + Canada,$3.00,100MB,No expiry,https://esimdb.com/usa/keepgo
Keepgo,Solaris USA,$3.00,100MB,No expiry,https://esimdb.com/usa/keepgo
Keepgo,Cygnus: Canada + USA,$3.00,100MB,No expiry,https://esimdb.com/usa/keepgo
Keepgo,Eridanus World,$3.00,100MB,No expiry,https://esimdb.com/usa/keepgo
Keepgo,Tucana,$3.00,100MB,No expiry,https://esimdb.com/usa/keepgo
Billion Connect,USA eSIM 3 Days 1GB/Day,$3.06,1GB/day,3 Days,https://esimdb.com/usa/billionconnect
TravelGator eSIM,United States eSIM Roaming Data,$3.07,2GB,5 Days,https://esimdb.com/usa/travelgatorsim
MicroEsim,Global 24 Destinations 3 Days / Daily 500MB,$3.10,500MB/day,3 Days,https://esimdb.com/usa/microesim
Billion Connect,USA & Canada eSIM  1 Day 2GB/Day,$3.13,2GB,1 Day,https://esimdb.com/usa/billionconnect
Yoho Mobile,Europe A 3GB/Daily 1Day,$3.14,3GB,1 Day,https://esimdb.com/usa/yoho-mobile
Yoho Mobile,Europe B 500MB/Daily 3Day,$3.14,500MB/day,3 Days,https://esimdb.com/usa/yoho-mobile
Nesa,United States 1GB/Day,$3.15,1GB,1 Day,https://esimdb.com/usa/nesa
Nesa,North America (3) 500MB/Day,$3.15,500MB,1 Day,https://esimdb.com/usa/nesa
TravelKon,USA 5G eSIM,$3.17,1GB,7 Days,https://esimdb.com/usa/travelkon
TravelGator eSIM,United States eSIM Roaming Data,$3.18,2GB,7 Days,https://esimdb.com/usa/travelgatorsim
MicroEsim,US Verizon/AT&T 5G 7 Days / Total 3GB,$3.20,3GB,7 Days,https://esimdb.com/usa/microesim
eSimFlare,United States 500MB/Day,$3.20,500MB,1 Day,https://esimdb.com/usa/esimflare
Yoho Mobile,United States 1GB 30Day,$3.21,1GB,30 Days,https://esimdb.com/usa/yoho-mobile
MicroEsim,United States Verizon 5G 15 Days / Total 3GB,$3.30,3GB,15 Days,https://esimdb.com/usa/microesim
Simfinity,United States Pro,$3.30,1GB,1 Day,https://esimdb.com/usa/simfinity
RedteaGO,Global (130+ areas),$3.30,100MB,365 Days,https://esimdb.com/usa/redtea
ESIMFUN,1GB for 7 days,$3.35,1GB,7 Days,https://esimdb.com/usa/esimfun
EscapeSIM,North America 1GB,$3.35,1GB,14 Days,https://esimdb.com/usa/escapesim
Yoho Mobile,United States 1GB/Daily 3Day,$3.37,1GB/day,3 Days,https://esimdb.com/usa/yoho-mobile
Yoho Mobile,Europe B 3GB/Daily 1Day,$3.37,3GB,1 Day,https://esimdb.com/usa/yoho-mobile
Yoho Mobile,Global E 1GB/Daily 1Day,$3.37,1GB,1 Day,https://esimdb.com/usa/yoho-mobile
Manet Travel,Regional North America - 7 Days - 1 GB,$3.39,1GB,7 Days,https://esimdb.com/usa/manet
Airhub,USA Unlimited Data with Calls 1Day,$3.40,Unlimited,1 Day,https://esimdb.com/usa/airhub
Billion Connect,Global eSIM [26 Regions] 7 Days 5GB,$3.40,5GB,7 Days,https://esimdb.com/usa/billionconnect
Always Mobile,United States 3GB 15Days,$3.40,3GB,15 Days,https://esimdb.com/usa/always-mobile
Billion Connect,Global eSIM [26 Regions] 5 Days 1GB/Day,$3.47,1GB/day,5 Days,https://esimdb.com/usa/billionconnect
Roamify,Europe & United States eSIM 3 GB - 7 Days,$3.47,3GB,7 Days,https://esimdb.com/usa/roamify
Roamify,United States eSIM 3 GB - 10 Days,$3.47,3GB,10 Days,https://esimdb.com/usa/roamify
Billion Connect,USA eSIM 5 Days 500MB/Day,$3.47,500MB/day,5 Days,https://esimdb.com/usa/billionconnect
eSIMCard,Unlimited eSIM Data For  1 Day in  United States of America,$3.47,1GB,1 Day,https://esimdb.com/usa/esimcard
Roamify,"United States eSIM 1 GB, 20 Call, 10 SMS - 7 Days",$3.47,1GB,7 Days,https://esimdb.com/usa/roamify
Giga.Tel,Europe and USA 1 GB,$3.49,1GB,14 Days,https://esimdb.com/usa/gigatel
MobiMatter,Europe and USA 1 GB,$3.49,1GB,14 Days,https://esimdb.com/usa/mobimatter
MobiMatter,USA 1 GB,$3.49,1GB,7 Days,https://esimdb.com/usa/mobimatter
Roamify,Europe & United States eSIM Unlimited Data - 1 Days,$3.50,Unlimited,1 Day,https://esimdb.com/usa/roamify
USA eSIM,USA Unlimited eSIM With Phone Number 1 Day,$3.50,Unlimited,1 Day,https://esimdb.com/usa/usaesim
MicroEsim,United States Verizon 5G 7 Days / Daily 500MB,$3.50,500MB/day,7 Days,https://esimdb.com/usa/microesim
Billion Connect,USA & Canada eSIM  3 Days 1GB/Day,$3.50,1GB/day,3 Days,https://esimdb.com/usa/billionconnect
GIGAGO,United States eSIM,$3.50,3GB/day,1 Day,https://esimdb.com/usa/gigago
MicroEsim,US Verizon/AT&T 5G 15 Days / Total 3GB,$3.50,3GB,15 Days,https://esimdb.com/usa/microesim
esimzon,USA 3GB 30Days,$3.50,3GB,30 Days,https://esimdb.com/usa/esimzon
Always Mobile,United States 3GB 30Days,$3.50,3GB,30 Days,https://esimdb.com/usa/always-mobile
iRoamly,United States-2GB-1 Day-Daily,$3.50,2GB,1 Day,https://esimdb.com/usa/iroamly
GIGAGO,United States eSIM,$3.50,500MB/day,3 Days,https://esimdb.com/usa/gigago
Breeze,United States of America,$3.50,1GB,1 Day,https://esimdb.com/usa/breeze
iRoamly,United States-1GB-5 Days-Total,$3.50,1GB,5 Days,https://esimdb.com/usa/iroamly
ByteSIM,USA 1GB/day for 1 day,$3.50,1GB,1 Day,https://esimdb.com/usa/bytesim
Simfinity,United States Pro,$3.50,1GB,7 Days,https://esimdb.com/usa/simfinity
MobileSIM,United States 1 GB for 7 days,$3.50,1GB,7 Days,https://esimdb.com/usa/mobilesim
RedteaGO,United States,$3.50,1GB,7 Days,https://esimdb.com/usa/redtea
esimzon,North America 1GB 30Days,$3.50,1GB,30 Days,https://esimdb.com/usa/esimzon
RedteaGO,Global (130+ areas),$3.50,300MB,1 Day,https://esimdb.com/usa/redtea
TraveleSIM.CH,Sim Card for United States (USA) - 3GB - 15 Days,$3.52,3GB,15 Days,https://esimdb.com/usa/travelesim-ch
MicroEsim,Global 24 Destinations 1 Day / Daily 2GB,$3.60,2GB/day,1 Day,https://esimdb.com/usa/microesim
MicroEsim,North America (US & Canada & Mexico) 5G 1 Day / Daily 1GB,$3.60,1GB/day,1 Day,https://esimdb.com/usa/microesim
Yoho Mobile,Europe A Unlimited 1Day,$3.61,Unlimited,1 Day,https://esimdb.com/usa/yoho-mobile
Billion Connect,Global eSIM [26 Regions] 3 Days 2GB/Day,$3.61,2GB/day,3 Days,https://esimdb.com/usa/billionconnect
Billion Connect,Global eSIM [26 Regions] 10 Days 5GB,$3.61,5GB,10 Days,https://esimdb.com/usa/billionconnect
Yoho Mobile,Europe A 1GB/Daily 3Day,$3.61,1GB/day,3 Days,https://esimdb.com/usa/yoho-mobile
Yoho Mobile,Global F 500MB/Daily 1Day,$3.61,500MB,1 Day,https://esimdb.com/usa/yoho-mobile
TraveleSIM.CH,Sim Card for United States (USA) - 3GB - 30 Days,$3.64,3GB,30 Days,https://esimdb.com/usa/travelesim-ch
Nesa,United States 1.5GB/Day,$3.65,2GB,1 Day,https://esimdb.com/usa/nesa
TravelGator eSIM,United States eSIM Roaming Data,$3.69,3GB,1 Day,https://esimdb.com/usa/travelgatorsim
MicroEsim,US Verizon/AT&T 5G 7 Days / Daily 500MB,$3.70,500MB/day,7 Days,https://esimdb.com/usa/microesim
MicroEsim,United States Verizon 5G 30 Days / Total 3GB,$3.70,3GB,30 Days,https://esimdb.com/usa/microesim
eSIMCard,1GB eSIM Data For  7 Days in  North America,$3.70,1GB,7 Days,https://esimdb.com/usa/esimcard
EscapeSIM,Europe And USA 3GB,$3.73,3GB,30 Days,https://esimdb.com/usa/escapesim
nextSIM,"eSIM United States, 2GB, 15 Days, Standard",$3.74,2GB,15 Days,https://esimdb.com/usa/nextsim
Billion Connect,USA eSIM 1 Day  Unlimited /Day,$3.75,Unlimited,1 Day,https://esimdb.com/usa/billionconnect
TravelGator eSIM,United States eSIM Roaming Data,$3.79,2GB,15 Days,https://esimdb.com/usa/travelgatorsim
Firsty,Firsty Comfort+ (US) - 2 Days,$3.84,1.5GB/day,2 Days,https://esimdb.com/usa/firsty
Yoho Mobile,United States 500MB/Daily 5Day,$3.85,500MB/day,5 Days,https://esimdb.com/usa/yoho-mobile
Yoho Mobile,Global D 2GB/Daily 1Day,$3.85,2GB,1 Day,https://esimdb.com/usa/yoho-mobile
Esimatic,United States,$3.89,2GB,15 Days,https://esimdb.com/usa/esimatic
Esimatic,United States,$3.89,1GB,7 Days,https://esimdb.com/usa/esimatic
MicroEsim,United States Verizon 5G 5 Days / Daily 1GB,$3.90,1GB/day,5 Days,https://esimdb.com/usa/microesim
ByteSIM,USA 2GB/day for 1 day,$3.90,2GB,1 Day,https://esimdb.com/usa/bytesim
ByteSIM,USA 500MB/day for 3 days,$3.90,500MB/day,3 Days,https://esimdb.com/usa/bytesim
eSIMo,United States of America 1GB,$3.90,1GB,7 Days,https://esimdb.com/usa/esimo
Supera link,United States - Regular,$3.93,2GB,15 Days,https://esimdb.com/usa/superalink
MTX Connect,OPTIMAL DAILY,$3.94,350MB,1 Day,https://esimdb.com/usa/mtx-connect
Firsty,Firsty First Class (US) - 1 Day,$3.95,5GB,1 Day,https://esimdb.com/usa/firsty
Roamify,United States eSIM Unlimited Data - 1 Days,$3.97,Unlimited,1 Day,https://esimdb.com/usa/roamify
Roamify,United States eSIM 3 GB - 15 Days,$3.97,3GB,15 Days,https://esimdb.com/usa/roamify
EscapeSIM,Canada And USA 2GB,$3.99,2GB,15 Days,https://esimdb.com/usa/escapesim
GLOBAL YO,United States - 15 Days - 3 GB,$3.99,3GB,15 Days,https://esimdb.com/usa/yoverse
MoreMins eSIM,eSIM internet in USA,$3.99,1GB,7 Days,https://esimdb.com/usa/moremins
eSIM Fox,eSIM United States - 1GB 7 Days,$3.99,1GB,7 Days,https://esimdb.com/usa/esim-fox
Kolet,United States of America,$3.99,1GB,30 Days,https://esimdb.com/usa/kolet
Truely,"United States - 1GB, 30 days",$3.99,1GB,30 Days,https://esimdb.com/usa/truely
Saily,United States 1GB 7 days,$3.99,1GB,7 Days,https://esimdb.com/usa/saily
Giga.Tel,North America 1 GB,$3.99,1GB,7 Days,https://esimdb.com/usa/gigatel
MobiMatter,USA Premium 1 GB,$3.99,1GB,7 Days,https://esimdb.com/usa/mobimatter
MobiMatter,North America 1 GB,$3.99,1GB,7 Days,https://esimdb.com/usa/mobimatter
Monty eSIM,North America,$3.99,1GB,7 Days,https://esimdb.com/usa/monty-esim
TravelGator eSIM,United States eSIM Roaming Data,$4.00,3GB,3 Days,https://esimdb.com/usa/travelgatorsim
MicroEsim,United States Verizon 5G 3 Days / Daily 2GB,$4.00,2GB/day,3 Days,https://esimdb.com/usa/microesim
iRoamly,United States-1GB-3 Days-Daily,$4.00,1GB/day,3 Days,https://esimdb.com/usa/iroamly
GIGAGO,United States eSIM,$4.00,1GB/day,3 Days,https://esimdb.com/usa/gigago
MicroEsim,US Verizon/AT&T 5G 30 Days / Total 3GB,$4.00,3GB,30 Days,https://esimdb.com/usa/microesim
iRoamly,USA & Canada-eSIM-2GB-1 Day-Daily,$4.00,2GB,1 Day,https://esimdb.com/usa/iroamly
Driffle eSIM,United-states 2GB for 15 Days,$4.00,2GB,15 Days,https://esimdb.com/usa/driffle
Ubigi,USA,$4.00,1GB,7 Days,https://esimdb.com/usa/ubigi
Nomad,Day Plan -United States -1GB/Day -1 Day,$4.00,1GB,1 Day,https://esimdb.com/usa/nomad
Breeze,United States of America,$4.00,1GB,7 Days,https://esimdb.com/usa/breeze
GlobaleSIM,United States,$4.00,1GB,7 Days,https://esimdb.com/usa/globalesim
Eskimo eSIM,United States 1GB,$4.00,1GB,730 Days,https://esimdb.com/usa/eskimo
iRoamly,United States-1GB-7 Days-Total,$4.00,1GB,7 Days,https://esimdb.com/usa/iroamly
iRoamly,USA & Canada-eSIM-1GB-3 Days-Total,$4.00,1GB,3 Days,https://esimdb.com/usa/iroamly
eSimFlare,North America 1GB 7Days Single Use,$4.00,1GB,7 Days,https://esimdb.com/usa/esimflare
KnowRoaming,USA 1 GB 7 Days,$4.00,1GB,7 Days,https://esimdb.com/usa/knowroaming
Gaza Online,"eSIM, Unlimited, (1.5GB) 1 Day, United States",$4.00,1GB,1 Day,https://esimdb.com/usa/gazaonline
GIGAGO,United States eSIM,$4.00,1GB/day,1 Day,https://esimdb.com/usa/gigago
Billion Connect,USA eSIM 7 Days 5GB,$4.06,5GB,7 Days,https://esimdb.com/usa/billionconnect
Manet Travel,Local United States - 15 Days - 2 GB,$4.07,2GB,15 Days,https://esimdb.com/usa/manet
Supera link,United States - Regular,$4.07,1GB,30 Days,https://esimdb.com/usa/superalink
BNESIM,Surf 3GB in United States for 30 days,$4.08,3GB,30 Days,https://esimdb.com/usa/bnesim
Yoho Mobile,Europe B 1GB/Daily 3Day,$4.08,1GB/day,3 Days,https://esimdb.com/usa/yoho-mobile
Yoho Mobile,Europe A 3GB 3Day,$4.08,3GB,3 Days,https://esimdb.com/usa/yoho-mobile
Billion Connect,USA & Canada eSIM  5 Days 500MB/Day,$4.08,500MB/day,5 Days,https://esimdb.com/usa/billionconnect
Yoho Mobile,Asia C 300MB/Daily 3Day,$4.08,300MB/day,3 Days,https://esimdb.com/usa/yoho-mobile
eSimFlare,United States 1.5GB/Day,$4.10,5GB,1 Day,https://esimdb.com/usa/esimflare
Nesa,United States 3GB 15Days,$4.15,3GB,15 Days,https://esimdb.com/usa/nesa
Nesa,United States 3GB 30Days,$4.15,3GB,30 Days,https://esimdb.com/usa/nesa
Nesa,United States 3GB 30Days,$4.15,3GB,30 Days,https://esimdb.com/usa/nesa
Nesa,United States 2GB/Day,$4.15,2GB,1 Day,https://esimdb.com/usa/nesa
Nesa,North America (3) 1GB 7Days,$4.15,1GB,7 Days,https://esimdb.com/usa/nesa
Nesa,North America (3) 1GB/Day,$4.15,1GB,1 Day,https://esimdb.com/usa/nesa
Billion Connect,USA & Canada eSIM  1 Day  Unlimited /Day,$4.17,Unlimited,1 Day,https://esimdb.com/usa/billionconnect
MicroEsim,US Verizon/AT&T 5G 5 Days / Daily 1GB,$4.20,1GB/day,5 Days,https://esimdb.com/usa/microesim
Airhub,United States 5GB Data 30 days,$4.20,5GB,30 Days,https://esimdb.com/usa/airhub
eSimFlare,United States 3GB 30Days Single Use,$4.20,3GB,30 Days,https://esimdb.com/usa/esimflare
Yoho Mobile,United States Unlimited 1Day,$4.25,Unlimited,1 Day,https://esimdb.com/usa/yoho-mobile
ESIMFUN,1 day - Unlimited (1GB per day) slows down after usage,$4.27,1GB,1 Day,https://esimdb.com/usa/esimfun
Manet Travel,Global North America - 7 Days - 1 GB,$4.29,1GB,7 Days,https://esimdb.com/usa/manet
MicroEsim,US Verizon/AT&T 5G 3 Days / Daily 2GB,$4.30,2GB/day,3 Days,https://esimdb.com/usa/microesim
eSimFlare,United States 500MB/Day,$4.30,500MB/day,2 Days,https://esimdb.com/usa/esimflare
MicroEsim,Global 108 Regions 7 Days / Total 1GB,$4.30,1GB,7 Days,https://esimdb.com/usa/microesim
MicroEsim,North America (US & Canada & Mexico) 5G 5 Days / Total 1GB,$4.30,1GB,5 Days,https://esimdb.com/usa/microesim
Yoho Mobile,Europe A 3GB 5Day,$4.32,3GB,5 Days,https://esimdb.com/usa/yoho-mobile
Yoho Mobile,Europe A 500MB/Daily 5Day,$4.32,500MB/day,5 Days,https://esimdb.com/usa/yoho-mobile
eSIMCard,2GB eSIM Data For  15 Days in  United States of America,$4.38,2GB,15 Days,https://esimdb.com/usa/esimcard
eSIM4Travel,USA (Verizon) - 5GB/30Days,$4.40,5GB,30 Days,https://esimdb.com/usa/esim4travel
MicroEsim,United States Verizon 5G 7 Days / Total 5GB,$4.40,5GB,7 Days,https://esimdb.com/usa/microesim
eSimFlare,North America 500MB/Day,$4.40,500MB,1 Day,https://esimdb.com/usa/esimflare
Supera link,United States - 5GB/day,$4.42,5GB,1 Day,https://esimdb.com/usa/superalink
Supera link,Global 146 Countries - 500MB/day,$4.42,500MB,1 Day,https://esimdb.com/usa/superalink
EscapeSIM,United States 5GB,$4.43,5GB,30 Days,https://esimdb.com/usa/escapesim
Billion Connect,USA & Canada & Mexico eSIM 1 Day 500MB/Day,$4.43,500MB,1 Day,https://esimdb.com/usa/billionconnect
Billion Connect,Global eSIM [26 Regions] 7 Days 1GB/Day,$4.44,1GB/day,7 Days,https://esimdb.com/usa/billionconnect
Billion Connect,USA eSIM 5 Days 1GB/Day,$4.44,1GB/day,5 Days,https://esimdb.com/usa/billionconnect
eSIMplus,United States | eSIM QR Code | 7 / T-Mobile / 3GB,$4.45,3GB,7 Days,https://esimdb.com/usa/esimplus
Roamify,Europe & United States eSIM 3 GB - 10 Days,$4.47,3GB,10 Days,https://esimdb.com/usa/roamify
Roamify,United States eSIM 3 GB - 30 Days,$4.47,3GB,30 Days,https://esimdb.com/usa/roamify
Roamify,North America eSIM 1 GB - 7 Days,$4.47,1GB,7 Days,https://esimdb.com/usa/roamify
Giga.Tel,USA Premium 2 GB,$4.49,2GB,15 Days,https://esimdb.com/usa/gigatel
MobiMatter,USA 2 GB,$4.49,2GB,15 Days,https://esimdb.com/usa/mobimatter
GigSky,United States,$4.49,1GB,7 Days,https://esimdb.com/usa/gigsky
MobiMatter,Europe Asia and USA 1 GB,$4.49,1GB,14 Days,https://esimdb.com/usa/mobimatter
iRoamly,United States-Unlimited Data-1 Day,$4.50,500GB,1 Day,https://esimdb.com/usa/iroamly
Always Mobile,United States 5GB 30Days,$4.50,5GB,30 Days,https://esimdb.com/usa/always-mobile
Instabridge,3 GB United States eSIM Mobile Data Plan,$4.50,3GB,15 Days,https://esimdb.com/usa/instabridge
ByteSIM,USA 3GB/day for 1 day,$4.50,3GB,1 Day,https://esimdb.com/usa/bytesim
ByteSIM,USA 3GB for 3 days,$4.50,3GB,3 Days,https://esimdb.com/usa/bytesim
eSIM.sm,3GB 10 days - United States,$4.50,3GB,10 Days,https://esimdb.com/usa/esimsm
iRoamly,United States-500MB-5 Days-Daily,$4.50,500MB/day,5 Days,https://esimdb.com/usa/iroamly
ETravelSim,iphone eSIM for USA Travel 2 GB - 30 Days,$4.50,2GB,30 Days,https://esimdb.com/usa/etravelsim
iRoamly,USA & Canada-eSIM-500MB-3 Days-Daily,$4.50,500MB/day,3 Days,https://esimdb.com/usa/iroamly
Airalo,Change - 1 GB,$4.50,1GB,7 Days,https://esimdb.com/usa/airalo
eSIMo,North America 1GB,$4.50,1GB,7 Days,https://esimdb.com/usa/esimo
iRoamly,United States-1GB-10 Days-Total,$4.50,1GB,10 Days,https://esimdb.com/usa/iroamly
iRoamly,USA & Canada-eSIM-1GB-5 Days-Total,$4.50,1GB,5 Days,https://esimdb.com/usa/iroamly
eSIMX,North America 1GB 7Days,$4.50,1GB,7 Days,https://esimdb.com/usa/esimx
SimOptions,Go USA,$4.50,1GB,30 Days,https://esimdb.com/usa/simoptions
Monty eSIM,North America,$4.50,1GB,7 Days,https://esimdb.com/usa/monty-esim
GoMoWorld,United States,$4.51,2.5GB,7 Days,https://esimdb.com/usa/gomoworld
Billion Connect,USA eSIM 10 Days 5GB,$4.51,5GB,10 Days,https://esimdb.com/usa/billionconnect
Billion Connect,USA eSIM 7 Days 500MB/Day,$4.51,500MB/day,7 Days,https://esimdb.com/usa/billionconnect
nextSIM,eSIM United States (no Alaska) 1GB 7Days Premium,$4.52,1GB,7 Days,https://esimdb.com/usa/nextsim
easySim,United States of America 1GB 7day bundle,$4.52,1GB,7 Days,https://esimdb.com/usa/easysim
Truphone,PrePaid Data 1GB 1-Day Local,$4.52,1GB,1 Day,https://esimdb.com/usa/truphone
airdatalink,United States eSIM,$4.53,3GB,30 Days,https://esimdb.com/usa/airdatalink
Yoho Mobile,United States 3GB 1Day,$4.55,3GB,1 Day,https://esimdb.com/usa/yoho-mobile
Yoho Mobile,Europe A 3GB 7Day,$4.56,3GB,7 Days,https://esimdb.com/usa/yoho-mobile
Yoho Mobile,Europe B 500MB/Daily 5Day,$4.56,500MB/day,5 Days,https://esimdb.com/usa/yoho-mobile
Yoho Mobile,Global D 500MB/Daily 3Day,$4.56,500MB/day,3 Days,https://esimdb.com/usa/yoho-mobile
eSIM.sm,3GB 15 days - United States,$4.60,3GB,15 Days,https://esimdb.com/usa/esimsm
TravelGator eSIM,United States eSIM Roaming Data,$4.61,3GB,5 Days,https://esimdb.com/usa/travelgatorsim
BNESIM,Surf 1GB in North America for 30 days,$4.63,1GB,30 Days,https://esimdb.com/usa/bnesim
Supera link,United States/Canada - 5GB/day,$4.63,5GB,1 Day,https://esimdb.com/usa/superalink
Yoho Mobile,United States 3GB 3Day,$4.63,3GB,3 Days,https://esimdb.com/usa/yoho-mobile
Supera link,United States - Regular,$4.64,2GB,30 Days,https://esimdb.com/usa/superalink
Supera link,United States/Canada - Regular,$4.64,1GB,7 Days,https://esimdb.com/usa/superalink
Billion Connect,USA eSIM 3 Days 2GB/Day,$4.65,2GB/day,3 Days,https://esimdb.com/usa/billionconnect
EZsim,USA (ATT+Verizon) - 3GB/30Days,$4.65,3GB,30 Days,https://esimdb.com/usa/ezsim
Nesa,North America (3) 1GB 30Days,$4.65,1GB,30 Days,https://esimdb.com/usa/nesa
Nesa,North America (3) 1GB 7Days,$4.65,1GB,7 Days,https://esimdb.com/usa/nesa
eSIMplus,United States | eSIM QR Code | 15 / T-Mobile / 3GB,$4.65,3GB,15 Days,https://esimdb.com/usa/esimplus
eSIMplus,United States/Canada | eSIM QR Code | 5 / 1GB,$4.65,1GB,5 Days,https://esimdb.com/usa/esimplus
MicroEsim,United States Verizon 5G 10 Days / Daily 500MB,$4.70,500MB/day,10 Days,https://esimdb.com/usa/microesim
EZsim,USA (Verizon) - 5GB/30Days,$4.70,5GB,30 Days,https://esimdb.com/usa/ezsim
MicroEsim,Global 24 Destinations 3 Days / Daily 1GB,$4.70,1GB/day,3 Days,https://esimdb.com/usa/microesim
MicroEsim,Global 24 Destinations 1 Day / Daily 3GB,$4.70,3GB/day,1 Day,https://esimdb.com/usa/microesim
Yoho Mobile,United States 3GB 5Day,$4.71,3GB,5 Days,https://esimdb.com/usa/yoho-mobile
Firsty,Firsty Comfort+ (US) - 3 Days,$4.74,1.5GB/day,3 Days,https://esimdb.com/usa/firsty
Yoho Mobile,United States 3GB 3Day,$4.75,3GB,3 Days,https://esimdb.com/usa/yoho-mobile
TravelGator eSIM,United States eSIM Roaming Data,$4.76,3GB,7 Days,https://esimdb.com/usa/travelgatorsim
Simfinity,eSIM: USA+Canada (eco),$4.77,1GB,7 Days,https://esimdb.com/usa/simfinity
Yoho Mobile,Europe A 3GB 10Day,$4.79,3GB,10 Days,https://esimdb.com/usa/yoho-mobile
Yoho Mobile,United States 3GB 7Day,$4.79,3GB,7 Days,https://esimdb.com/usa/yoho-mobile
MicroEsim,US Verizon/AT&T 5G 7 Days / Total 5GB,$4.80,5GB,7 Days,https://esimdb.com/usa/microesim
MicroEsim,United States Verizon 5G 15 Days / Total 5GB,$4.80,5GB,15 Days,https://esimdb.com/usa/microesim
MicroEsim,Global 24 Destinations 5 Days / Daily 500MB,$4.80,500MB/day,5 Days,https://esimdb.com/usa/microesim
trifa,United States of America,$4.80,1GB,7 Days,https://esimdb.com/usa/trifa
Esimatic,United States,$4.89,3GB,30 Days,https://esimdb.com/usa/esimatic
Esimatic,North America,$4.89,1GB,7 Days,https://esimdb.com/usa/esimatic
ByteSIM,USA 1GB/day for 3 days,$4.90,1GB/day,3 Days,https://esimdb.com/usa/bytesim
ByteSIM,USA 3GB for 5 days,$4.90,3GB,5 Days,https://esimdb.com/usa/bytesim
GIGAGO,United States eSIM,$4.90,3GB,3 Days,https://esimdb.com/usa/gigago
Yoho Mobile,United States 3GB 10Day,$4.90,3GB,10 Days,https://esimdb.com/usa/yoho-mobile
ByteSIM,USA 500MB/day for 5 days,$4.90,500MB/day,5 Days,https://esimdb.com/usa/bytesim
GIGAGO,United States eSIM,$4.90,500MB/day,5 Days,https://esimdb.com/usa/gigago
Roamless,2 GB United States,$4.90,2GB,No expiry,https://esimdb.com/usa/roamless
ByteSIM,USA Unlimited Data for 1 day,$4.90,1GB,1 Day,https://esimdb.com/usa/bytesim
RedteaGO,North America (3 countries),$4.90,1GB,30 Days,https://esimdb.com/usa/redtea
nextSIM,"eSIM United States, 3GB, 30 Days, Standard",$4.98,3GB,30 Days,https://esimdb.com/usa/nextsim
Truely,"United States - 1GB, Unlimited Validity",$4.98,1GB,No expiry,https://esimdb.com/usa/truely
GLOBAL YO,Day Plan - United States - 1GB/Day - 3 Day,$4.99,1GB/day,3 Days,https://esimdb.com/usa/yoverse
GLOBAL YO,World Explorer Light - 15 Days - 3 GB (52 countries),$4.99,3GB,15 Days,https://esimdb.com/usa/yoverse
MobiMatter,Europe and USA 3 GB,$4.99,3GB,30 Days,https://esimdb.com/usa/mobimatter
MobiMatter,USA Premium 2 GB,$4.99,2GB,15 Days,https://esimdb.com/usa/mobimatter
WiFi Map,Global eSIM,$4.99,1GB,30 Days,https://esimdb.com/usa/wifimap
GLOBAL YO,North America Explorer + - 7 Days - 1 GB (3 countries),$4.99,1GB,7 Days,https://esimdb.com/usa/yoverse
GLOBAL YO,World Explorer 101 - 7 Days - 1 GB (100 countries),$4.99,1GB,7 Days,https://esimdb.com/usa/yoverse
MobiMatter,Canada and USA 1 GB,$4.99,1GB,14 Days,https://esimdb.com/usa/mobimatter
